User-ID,Location,Age
243,"arden hills, minnesota, usa",
254,"minneapolis, minnesota, usa",24.0
507,"dumas, arkansas, usa",
638,"san diego, california, usa",20.0
805,"sonoma, california, usa",34.0
882,"berkeley, california, usa",23.0
929,"king of prussia, ,",36.0
1131,"berkeley, ,",22.0
1424,"north avoca, new south wales, australia",
1435,"st. louis, missouri, usa",36.0
1733,"independence, west virginia, usa",30.0
1848,"bellingham, washington, usa",22.0
1903,"hualien, taiwan, taiwan",36.0
2033,"omaha, nebraska, usa",27.0
2110,"charlotte, north carolina, usa",
2276,"niskayuna, new york, usa",46.0
2358,"bryan, texas, usa",23.0
2766,"frisco, texas, usa",42.0
2793,"jefferson, georgia, usa",34.0
2891,"beaverton, oregon, usa",
2977,"richland, washington, usa",25.0
3145,"austin, texas, usa",34.0
3167,"milwaukee, wisconsin, usa",42.0
3363,"knoxville, tennessee, usa",29.0
3371,"groveland, massachusetts, usa",25.0
3373,"elk grove, california, usa",30.0
3556,"bismarck, north dakota, usa",68.0
3827,"orlando, florida, usa",23.0
4017,"new orleans, louisiana, usa",48.0
4157,"birmingham, alabama, usa",39.0
4622,"norfolk, virginia, usa",18.0
5439,"houston, texas, usa",66.0
5476,"chester, ,",
5483,"bayan lepas, penang, malaysia",20.0
5539,"austin, texas, usa",32.0
5582,"seattle, washington, usa",26.0
5609,"oradea, bihor, romania",25.0
5903,"vienna, vienna, austria",25.0
6073,"houston, texas, usa",28.0
6242,"calgary, alberta, canada",
6251,"wahiawa, hawaii, usa",32.0
6323,"wilmington, north carolina, usa",35.0
6543,"strafford, missouri, usa",34.0
6563,"burien, washington, usa",31.0
6575,"seattle, washington, usa",
6772,"calgary, ,",
6900,"sunnyvale, california, usa",25.0
7125,"apo, ae, usa",28.0
7158,"omaha, nebraska, usa",30.0
7210,"rothesay, new brunswick, canada",
7283,"saint marys, georgia, usa",30.0
7286,"pasco, washington, usa",28.0
7312,"walnut ridge, arkansas, usa",23.0
7346,"sunnyvale, california, usa",49.0
7569,"tulsa, , usa",22.0
7887,"altoona, pennsylvania, usa",23.0
7915,"st. paul, minnesota, usa",
8019,"toronto, ontario, canada",
8066,"chicago, illinois, usa",
8067,"owings mills, maryland, usa",26.0
8234,"colorado springs, colorado, usa",44.0
8245,"torrance, california, usa",31.0
8253,"tulsa, oklahoma, usa",26.0
8284,"manchester, kentucky, usa",28.0
8362,"los angeles, california, usa",28.0
8454,"auburndale, massachusetts, usa",
8487,"carrollton, texas, usa",30.0
8681,"orlando, florida, usa",34.0
8734,"chula vista, california, usa",
8870,"austin, texas, usa",45.0
8936,"elizabeth city, north carolina, usa",18.0
9141,"durango, colorado, usa",65.0
9417,"whitby, ontario, canada",26.0
9613,"collings lakes, new jersey, usa",34.0
9747,"o`fallon, missouri, usa",
9856,"glendale, colorado, usa",22.0
9908,"woodstock, georgia, usa",36.0
10030,"pittsburgh, pennsylvania, usa",66.0
10118,"minneapolis, minnesota, usa",44.0
10314,"beaverton, oregon, usa",
10354,"martinsburg, west virginia, usa",15.0
10447,"chicago, illinois, usa",
10560,"chicago, illinois, usa",27.0
10819,"richmond, kentucky, usa",27.0
11120,"kerava, uusimaa, finland",58.0
11224,"tumwater, washington, usa",51.0
11245,"scarborough, ontario, canada",
11400,"ottawa, ontario, canada",49.0
11601,"brooklyn, new york, usa",
11629,"houston, texas, usa",21.0
11676,"n/a, n/a, n/a",
11724,"west lawn, pennsylvania, usa",42.0
11993,"lakewood, colorado, usa",37.0
12194,"redford, michigan, usa",
12538,"byron, minnesota, usa",18.0
12569,"selangor, subang jaya, malaysia",22.0
12824,"long beach, california, usa",18.0
12982,"getxo, vizcaya, spain",41.0
13082,"bellwood, pennsylvania, usa",
13093,"zaragoza, aragon, spain",29.0
13518,"fishers, indiana, usa",27.0
13540,"doha, doha, qatar",15.0
13552,"cordova, tennessee, usa",32.0
13582,"lisboa, lisboa, portugal",29.0
13850,"online, n/a, usa",28.0
13935,"lancaster, pennsylvania, usa",36.0
13995,"adelaide, south australia, australia",
14374,"porter, maine, usa",57.0
14387,"coalville, leicestershire, england, united kingdom",35.0
14422,"apple valley, minnesota, usa",
14456,"edmonton, alberta, canada",27.0
14521,"providence, rhode island, usa",
14638,"roquemaure, languedoc roussillon, france",33.0
14667,"rocky mount, missouri, usa",
14768,"corvallis, oregon, usa",24.0
14897,"shiki, saitama, japan",24.0
15049,"benbrook, texas, usa",28.0
15408,"cary, north carolina, usa",34.0
15418,"vitoria, Ã¡lava, spain",23.0
15497,"fresno, california, usa",38.0
15602,"cherry hill, new jersey, usa",21.0
15651,"springfield, missouri, usa",23.0
15819,"grapevine, texas, usa",
15957,"sydney, new south wales, australia",27.0
16106,"albany, california, usa",44.0
16155,"kuala lumpur, , malaysia",47.0
16246,"kitakyushu, fukuoka, japan",32.0
16263,"ashland, wisconsin, usa",
16413,"austin, texas, usa",
16488,"milwaukee, wisconsin, usa",36.0
16601,"brewster, new york, usa",40.0
16634,"little rock, arkansas, usa",42.0
16718,"houston, texas, usa",29.0
16721,"leduc, alberta, canada",
16795,"mechanicsville, maryland, usa",47.0
16916,"hackettstown, new jersey, usa",53.0
16943,"sydney, new south wales, australia",
16966,"waterloo, ontario, canada",41.0
16996,"stratford, iowa, usa",23.0
17003,"carlsbad, california, usa",
17190,"woodstock, georgia, usa",31.0
17282,"irwin, pennsylvania, usa",38.0
17667,"iowa city, iowa, usa",33.0
17761,"pinckney, michigan, usa",
17859,"roanoke, virginia, usa",43.0
17894,"alabaster, alabama, usa",47.0
17950,"puchong, selangor, malaysia",32.0
18067,"kajang, selangor, malaysia",33.0
18082,"southern, california, usa",38.0
18172,"levittown, pennsylvania, usa",36.0
18401,"chicago, illinois,",
19085,"menomonie, wisconsin, usa",60.0
19493,"baldwin, ,",
19522,"candler, north carolina, usa",54.0
19664,"katonah, new york, usa",19.0
19711,"katy, texas, usa",
19842,"***********, illinois, usa",
20060,"baltimore, maryland, usa",48.0
20115,"lansdale, pennsylvania, usa",32.0
20119,"manchester, new hampshire,",51.0
20172,"saratoga springs, utah, usa",27.0
20180,"sacramento, california, usa",36.0
20201,"grove city, ohio, usa",31.0
20336,"ballston spa, new york, usa",32.0
20462,"bossier city, louisiana, usa",
20971,"sacramento, california, usa",20.0
21011,"san francisco, california, usa",44.0
21014,"fresno, california, usa",
21031,"alexandria, virginia, usa",36.0
21252,"duluth, minnesota, usa",28.0
21356,"westwood, new jersey, usa",56.0
21364,"san diego, california, usa",32.0
21404,"west vancouver, british columbia, canada",
21484,"madison, wisconsin, usa",21.0
21576,"memphis, tennessee, usa",31.0
21618,"atlanta, georgia, usa",24.0
21659,"san jose, california, usa",31.0
22074,"san luis obispo, california, usa",
22521,"montgomery, alabama, usa",18.0
22625,"lynbrook, new york, usa",54.0
22818,"franklin, pennsylvania, usa",28.0
23288,"wolseley, saskatchewan, canada",
23511,"chapel hill, north carolina, usa",56.0
23571,"burbank, california, usa",41.0
23680,"carmichael, ,",
23699,"minneapolis, minnesota, usa",25.0
23768,"st. louis, missouri, usa",45.0
23871,"pompano beach, florida, usa",
23872,"tulsa, oklahoma, usa",22.0
23902,"london, england, united kingdom",
24194,"palos hills, illinois, usa",20.0
24433,"deventer, overijssel, netherlands",37.0
24539,"cabrils, catalunya, spain",
24544,"orlando, florida, usa",40.0
24921,"higley, arizona, usa",29.0
24933,"long island, new york, usa",44.0
24934,"marshfield, massachusetts, usa",
25131,"grimes, iowa, usa",
25395,"moyock, north carolina, usa",65.0
25409,"la mesa, california, usa",31.0
25533,"derby, derbyshire, united kingdom",38.0
25601,"gilbert, arizona, usa",41.0
25981,"nj, new jersey, usa",
26057,"halifax, nova scotia, canada",18.0
26084,"tuscaloosa, alabama, usa",21.0
26240,"sacramento, california, usa",
26516,"victor, montana, usa",67.0
26517,"dallas, north carolina, usa",
26535,"hickory, mississippi, usa",41.0
26544,"woodbridge, virginia, usa",37.0
26593,"peoria, arizona, usa",
26620,"napa, california,",
26621,"haskell, new jersey, usa",
26883,"vienna, vienna, austria",
27140,"baltimore, maryland, usa",49.0
27462,"lima, ohio, usa",
27472,"bountiful, utah, usa",41.0
27617,"beaverton, ontario, canada",32.0
27647,"lisboa, lisboa, portugal",
27740,"san diego, , usa",57.0
27788,"picton, marlborough, new zealand",
27812,"long beach, california, usa",33.0
27813,"boerne, texas, usa",34.0
27947,"lima, ohio, usa",28.0
28177,"grand rapids, michigan, usa",26.0
28204,"south ohio, nova scotia, canada",61.0
28360,"oakwood, georgia, usa",15.0
28451,"altamonte springs, florida, usa",31.0
28523,"springfield, missouri, usa",24.0
28591,"michie, tennessee, usa",33.0
28619,"hartford, connecticut, usa",
28634,"bad axe, michigan, usa",28.0
28666,"irving, texas, usa",31.0
28877,"modesto, california, usa",68.0
29101,"bolivar, missouri, usa",38.0
29209,"boca raton, florida, usa",
29259,"mt. airy, , usa",39.0
29526,"knoxville, tennessee, usa",26.0
29806,"bonita springs, florida, usa",
29855,"morris, connecticut, usa",53.0
29915,"fullerton, california, usa",38.0
30029,"simi valley, california, usa",37.0
30035,"vancouver, british columbia, canada",37.0
30072,"st. louis, missouri, usa",11.0
30081,"east providence, rhode island, usa",25.0
30261,"manchester, missouri, usa",27.0
30273,"naples, florida, usa",25.0
30276,"wildwood, new jersey, usa",49.0
30487,"newbury park, california, usa",40.0
30511,"culemborg, gelderland, netherlands",
30533,"charleston, south carolina, usa",
30711,"sydney, new south wales, australia",32.0
30716,"new york, new york, usa",23.0
30735,"corvallis, oregon, usa",
30744,"gainesville, georgia, usa",31.0
30806,"halifax, nova scotia, canada",24.0
30824,"saint paul, minnesota, usa",45.0
30898,"richmond, virginia, usa",43.0
30972,"columbiana, alabama, usa",47.0
30985,"cape coral, florida, usa",
30994,"mission hills, california, usa",
31040,"san ramon, california, usa",
31050,"woodbine, maryland, usa",
31226,"sofia, n/a, bulgaria",33.0
31308,"san jose, california, usa",38.0
31315,"henryville, indiana, usa",34.0
31391,"wilmington, massachusetts, usa",38.0
31393,"portland, oregon, usa",
31466,"kingsville, ontario, canada",26.0
31556,"chula vista, california, usa",51.0
31652,"annandale, virginia, usa",
31826,"jasper, missouri, usa",54.0
31846,"phoenix, , usa",
31919,"skokie, illinois, usa",52.0
31987,"tacoma, washington, usa",36.0
32122,"south daytona, florida, usa",24.0
32148,"edmonton, alberta, canada",
32195,"fall river, massachusetts, usa",
32250,"gta, ontario, canada",29.0
32440,"dunedin, otago, new zealand",
32516,"st. rose, louisiana, usa",44.0
32627,"casper, wyoming, usa",49.0
32721,"toulouse, haute-garonne, france",36.0
32773,"olathe, kansas, usa",28.0
32793,"quebec, quebec, canada",22.0
32802,"courtenay, british columbia, canada",
33124,"london, ontario, canada",
33319,"calgary, alberta, canada",24.0
33580,"rockwell, north carolina, usa",27.0
33614,"southaven, mississippi, usa",36.0
33816,"richmond hill, ontario, canada",33.0
33818,"winnipeg, manitoba, canada",29.0
33832,"sterling, virginia, usa",
33974,"barnhart, missouri, usa",24.0
33999,"pittsburgh, pennsylvania, usa",51.0
34300,"burlington, ontario, canada",35.0
34377,"kelowna, british columbia, canada",54.0
34523,"kalamazoo, michigan, usa",
34588,"west linn, oregon, usa",
35050,"west columbia, south carolina, usa",33.0
35836,"rochester, new york, usa",34.0
35857,"mentor, ohio, usa",36.0
35859,"duluth, minnesota, usa",
35918,"reno, nevada, usa",
36003,"shah alam, selangor, malaysia",26.0
36135,"charleston, south carolina, usa",
36256,"amarillo, texas, usa",39.0
36299,"austin, texas, usa",50.0
36327,"wirtz, virginia, usa",
36606,"san marcos, california, usa",39.0
36609,"zachary, louisiana, usa",32.0
36673,"hudson, new hampshire, usa",48.0
36715,"lexington, kentucky, usa",
36749,"newton, mississippi, usa",
36807,"wisconsin rapids, wisconsin, usa",27.0
36817,"south hadley, massachusetts, usa",29.0
36836,"raleigh, north carolina, usa",56.0
36907,"dunnville, ontario, canada",39.0
37019,"sunnyvale, california, usa",
37022,"winamac, indiana, usa",
37208,"mesa, arizona, usa",30.0
37293,"whitehorse, yukon territory, canada",41.0
37311,"oroville, california, usa",
37400,"portland, oregon, usa",27.0
37493,"auxvasse, missouri, usa",
37512,"tulsa, oklahoma, usa",27.0
37538,"kuala lumpur, n/a, malaysia",
37556,"wilton, maine, usa",
37567,"medway, kent, united kingdom",36.0
37644,"sudbury, massachusetts, usa",18.0
37712,"cincinnati, ohio, usa",23.0
37874,"williamsburg, virginia, usa",43.0
37950,"calgary, alberta, canada",
37974,"rochester, new york, usa",
38023,"hayward, california, usa",30.0
38229,"newport beach, california, usa",23.0
38273,"chandler, arizona, usa",
38281,"barcelona, catalunya, spain",33.0
38464,"tharston, norwich, england, united kingdom",33.0
38544,"newark, delaware, usa",34.0
38556,"edmonton, alberta, canada",
38781,"kingsville, texas, usa",31.0
38802,"helsinki, uusimaa, finland",23.0
38933,"san diego, california, usa",37.0
38995,"woodbine, maryland, usa",44.0
39195,"three rivers, ,",38.0
39227,"san diego, california, usa",37.0
39281,"morris plains, new jersey, usa",45.0
39345,"jacksonville, florida, usa",47.0
39441,"boulder, colorado, usa",26.0
39467,"barcelona, catalunya, spain",35.0
39502,"kirkwood, missouri, usa",56.0
39513,"red deer, alberta, canada",
39584,"auburn, alabama, usa",32.0
39616,"las vegas, nevada, usa",38.0
39646,"fairless hills, pennsylvania, usa",35.0
39705,"bel air, maryland, usa",25.0
39773,"miami, florida, usa",49.0
40330,"germantown, maryland, usa",
40415,"san francisco, california, usa",34.0
40553,"st. cloud, minnesota, usa",
40796,"memphis, tennessee, usa",
40798,"st. louis, missouri, usa",
40889,"brainerd, minnesota, usa",37.0
40914,"phoenix, arizona, usa",28.0
40943,"oklahoma city, oklahoma, usa",40.0
41057,"nanaimo, british columbia, canada",51.0
41084,"orlando, florida, usa",36.0
41086,"san jose, california, usa",42.0
41177,"austin, texas, usa",38.0
41455,"toronto, ontario, canada",
41589,"bellingham, washington, usa",51.0
41667,"cotati, california, usa",
41757,"calgary, alberta, canada",58.0
41781,"clinton twp., michigan, usa",54.0
41841,"sherwood park, alberta, canada",
42093,"fair haven, new jersey, usa",50.0
42458,"north york, ontario, canada",47.0
42466,"toronto, ontario, canada",38.0
42914,"clarksville, indiana, usa",26.0
42948,"fredericton, ,",42.0
43163,"kalamazoo, michigan, usa",21.0
43246,"toronto, ontario, canada",36.0
43481,"bridgewater, connecticut, usa",57.0
43619,"shrewsbury, massachusetts, usa",26.0
43687,"sacramento, california, usa",27.0
43806,"delano, minnesota, usa",31.0
43842,"tucson, ,",
43910,"granada hills, california, usa",43.0
44296,"sydney, new south wales, australia",26.0
44595,"toronto, ontario, canada",39.0
44647,"lake george, minnesota, usa",54.0
44728,"florence, alabama, usa",31.0
44845,"dallas, texas, usa",29.0
44852,"spring, texas, usa",39.0
44893,"alexandria, virginia, usa",
44925,"farnborough, england, united kingdom",33.0
45107,"montgomery twp, pennsylvania, usa",
45315,"ada, michigan, usa",
45383,"elizabethtown, pennsylvania, usa",51.0
45557,"flossmoor, illinois, usa",33.0
46269,"recife, pernambuco, brazil",26.0
46398,"san antonio, texas, usa",37.0
46443,"asheville, north carolina, usa",14.0
46907,"marysville, washington, usa",
46909,"howell, new jersey, usa",31.0
47117,"houston, texas, usa",34.0
47128,"elmhurst, illinois, usa",33.0
47316,"comanche, texas, usa",
47594,"scottsdale, arizona, usa",52.0
47609,"lubbock, texas, usa",34.0
47971,"toronto, ontario, canada",40.0
48025,"concordia, missouri, usa",43.0
48046,"central sq., new york, usa",
48057,"toronto, ontario, canada",
48268,"vienna, vienna, austria",18.0
48355,"florence, arizona, usa",35.0
48494,"lemon grove, california, usa",51.0
48579,"cleveland, oklahoma, usa",24.0
48743,"freeport, ,",
48975,"beaver dams, new york, usa",
49109,"west jordan, utah, usa",38.0
49154,"thibodaux, louisiana, usa",41.0
49212,"san francisco, california, usa",38.0
49314,"decatur, georgia, usa",
49422,"regensburg, bayern, germany",
49460,"., kansas, usa",37.0
49771,"san antonio, texas,",35.0
49842,"staten island, new york, usa",40.0
49889,"orem, utah, usa",
49900,"catonsville, maryland, usa",48.0
49980,"new hartford, new york, usa",27.0
50073,"south portland, maine, usa",
50204,"lebanon, pennsylvania, usa",36.0
50225,"fresno, california, usa",
50547,"toronto, ontario, canada",32.0
50550,"southaven, mississippi, usa",
50730,"mcallen, texas, usa",
50895,"calverton, new york, usa",
51082,"columbus, ohio, usa",30.0
51094,"milton, ontario, canada",
51192,"milwaukee, wisconsin, usa",48.0
51252,"yucca valley, california, usa",
51350,"monroe, ,",
51365,"shelbyville, kentucky, usa",48.0
51386,"adrian, michigan, usa",41.0
51450,"lawrenceville, georgia, usa",54.0
51526,"long beach, california, usa",34.0
51571,"phoenix, arizona, usa",49.0
51742,"brooklyn, new york, usa",
51803,"brantford, ontario, canada",34.0
51883,"jasper, missouri, usa",31.0
51992,"west fairlee, vermont, usa",43.0
52002,"bloomington, indiana, usa",
52159,"richmond, california, usa",49.0
52199,"houston, texas, usa",47.0
52350,"lisboa, n/a, portugal",31.0
52521,"safety harbor, florida, usa",38.0
52584,"livermore, california, usa",45.0
52614,"toccoa, ga., usa",33.0
52853,"yuba city, california, usa",61.0
52917,"bellevue, washington, usa",42.0
53174,"orlando, florida, usa",29.0
53220,"fullerton, california, usa",36.0
53241,"hillsborough, new jersey, usa",
53256,"sterlington, louisiana, usa",21.0
53278,"toronto, ontario, canada",34.0
53392,"minneapolis, minnesota, usa",34.0
53418,"puyallup, washington, usa",28.0
53430,"minneapolis, minnesota, usa",25.0
53456,"ne portland, oregon,",
53590,"thalwil, zurich, switzerland",40.0
53614,"barreiro, barreiro, portugal",30.0
53628,"brest, bretagne, france",22.0
53729,"balingup, western australia, australia",
53846,"bloomington, indiana, usa",55.0
54193,"bartlesville, oklahoma, usa",27.0
54218,"kaiserslautern, rheinland-pfalz, germany",27.0
54335,"north haven, connecticut, usa",43.0
54453,"boise, idaho, usa",
54622,"kuala lumpur, federal territory, malaysia",
54884,"nashua, new hampshire, usa",33.0
55006,"calgary, alberta, canada",34.0
55075,"seattle, washington, usa",33.0
55178,"moore, oklahoma, usa",25.0
55187,"torrance, california, usa",48.0
55202,"seattle, , usa",
55203,"mendon, massachusetts, usa",57.0
55438,"lexington, kentucky, usa",42.0
55487,"clearwater, florida, usa",37.0
55490,"rapid city, south dakota, usa",25.0
55492,"antioch, illinois, usa",43.0
55493,"chatham, ontario, canada",35.0
55548,"chamblee, georgia, usa",
55607,"washington, dc, usa",
55734,"calgary, alberta, canada",37.0
55751,"hesperia, california, usa",
55799,"scarborough, ontario, canada",
55858,"dartmouth, nova scotia, canada",28.0
55892,"plantersville, texas, usa",45.0
55927,"roscoe, minnesota, usa",17.0
56307,"el segundo, california, usa",
56391,"tijeras, nm, usa",40.0
56399,"n/a, surrey, united kingdom",63.0
56447,"sturgis, michigan, usa",22.0
56554,"rural hall, north carolina, usa",39.0
56661,"green, ohio, usa",
56856,"escondido, california, usa",23.0
56959,"monroe twp., new jersey, usa",52.0
57006,"lawton, oklahoma, usa",30.0
57105,"roswell, georgia, usa",32.0
57108,"new york, new york, usa",38.0
57398,"tigard, oregon, usa",39.0
57449,"rudersberg, baden-wÃ¼rttemberg, germany",29.0
57599,"portland, oregon, usa",27.0
57725,"wilmington, delaware, usa",43.0
58594,"baltimore, maryland, usa",33.0
58612,"douglasville, georgia, usa",54.0
58911,"batavia, new york, usa",58.0
59038,"san antonio, texas, usa",28.0
59150,"victoria, british columbia, canada",37.0
59172,"owen sound, ontario, canada",36.0
59189,"houston, texas, usa",33.0
59209,"markham, ontario, canada",41.0
59269,"indianapolis, indiana, usa",
59390,"uniontown, pennsylvania, usa",
59727,"plano, texas, usa",24.0
59912,"pasadena, california, usa",27.0
59971,"kingwood, texas, usa",27.0
60041,"okemos, michigan, usa",29.0
60050,"brooklyn, new york, usa",40.0
60168,"warrenton, missouri, usa",
60244,"alvin, texas, usa",47.0
60263,"middletown, delaware, usa",52.0
60277,"boston, massachusetts, usa",
60278,"thousand oaks, california, usa",
60319,"haddonfield, new jersey, usa",
60337,"st. marys, georgia, usa",50.0
60392,"bardonia, new york, usa",43.0
60475,"norfolk, virginia, usa",
60569,"chardon, ohio, usa",41.0
60583,"antioch, illinois, usa",
60621,"edwardsville, illinois, usa",57.0
60707,"manchester, new hampshire, usa",38.0
60858,"sacramento, california, usa",25.0
61028,"charleston, south carolina, usa",50.0
61038,"riverside public library, illinois, usa",53.0
61107,"jamaica plain, massachusetts, usa",41.0
61147,"ebensee, oberoesterreich, austria",44.0
61211,"walnut creek, california, usa",65.0
61427,"morgan hill, california, usa",
61619,"coburg, oregon, usa",
61668,"dayton, maine, usa",41.0
61854,"boulder city, nevada, usa",
61901,"tucson, arizona, usa",63.0
61910,"las cruces, new mexico, usa",44.0
62193,"shingletown, california, usa",
62239,"yarmouth, nova scotia, canada",9.0
62272,"lake mary, florida, usa",30.0
62464,"el cajon, california, usa",26.0
62542,"cudahy, wisconsin, usa",40.0
62558,"rochester, minnesota, usa",
62755,"dublin, texas, usa",50.0
62862,"new milford, connecticut, usa",47.0
62881,"milwaukee, wisconsin, usa",39.0
62891,"hi nella, new jersey, usa",27.0
62895,"chesterfield, derbyshire, united kingdom",39.0
62966,"fairfax, virginia, usa",23.0
63394,"eufaula, alabama, usa",22.0
63595,"chesapeake, virginia,",41.0
63854,"waterloo, ontario, canada",45.0
63938,"northwest, iowa, usa",
64310,"smyrna, georgia, usa",46.0
64436,"san ramon, california, usa",36.0
64440,"atlanta, georgia, usa",34.0
64679,"buffalo grove, illinois, usa",
64946,"normal, illinois, usa",34.0
65208,"san diego, california, usa",30.0
65228,"uniontown, ohio, usa",58.0
65258,"saginaw, michigan, usa",42.0
65584,"tulsa, oklahoma, usa",26.0
65663,"syracuse, new york, usa",32.0
66073,"aptos, california, usa",28.0
66323,"factoryville, pennsylvania, usa",34.0
66385,"round rock, texas, usa",
66443,"pierrefonds, quebec, canada",29.0
66574,"astoria, new york, usa",27.0
66680,"orange park, florida, usa",67.0
66789,"san jose, california, usa",55.0
66878,"fort myers, florida, usa",42.0
66942,"kuching, sarawak, malaysia",31.0
67034,"vero beach, florida, usa",57.0
67270,"ste adele, quebec, canada",
67403,"danbury, connecticut, usa",31.0
67515,"oakland, california, usa",45.0
67547,"sierra madre, california, usa",42.0
67591,"edmonton, alberta,",
67663,"wrightstown, ,",47.0
67840,"houston, texas, usa",50.0
67930,"colton, california,",
67997,"lincoln city, oregon, usa",53.0
68156,"brooklyn, new york, usa",34.0
68185,"virginia beach, virginia, usa",22.0
68256,"chickasha, oklahoma, usa",28.0
68555,"bad axe, michigan, usa",
68568,"lewes, delaware, usa",46.0
68943,"coventry, connecticut, usa",
68984,"aurora, illinois, usa",26.0
69042,"drayton valley, alberta, canada",55.0
69078,"new york, new york, usa",42.0
69211,"oviedo, florida, usa",
69232,"mooresville, north carolina, usa",55.0
69355,"syracuse, new york, usa",
69378,"mililani, hawaii, usa",46.0
69389,"nebraska city, nebraska, usa",29.0
69405,"ede, gelderland, netherlands",36.0
69684,"philadelphia, pennsylvania, usa",33.0
69697,"west sacramento, california, usa",24.0
69721,"minneapolis, minnesota, usa",32.0
69933,"perkasie, pennsylvania, usa",
69971,"pinehurst, north carolina, usa",43.0
70052,"st. john`s, ontario, canada",30.0
70065,"winnipeg, manitoba, canada",19.0
70183,"carbonear, newfoundland, canada",25.0
70222,"ottawa, ontario, canada",56.0
70415,"crescent city, florida, usa",57.0
70541,"hamburg, hamburg, germany",26.0
70594,"prince george, british columbia, canada",53.0
70666,"warwick, rhode island, usa",18.0
70931,"new haven, connecticut, usa",36.0
70999,"hauppauge, long island, new york, usa",57.0
71207,"oktaha, oklahoma, usa",
71234,"cumberland, maryland, usa",30.0
71490,"west los angeles, california, usa",23.0
71568,"port coquitlam, british columbia, canada",28.0
71712,"valley center, kansas, usa",26.0
71853,"somerville, massachusetts, usa",23.0
72183,"seattle, washington, usa",
72214,"ottawa, ontario, canada",40.0
72238,"durham, maine, usa",
72352,"samieira, pontevedra, spain",49.0
72523,"grand island, new york, usa",
72531,"clovis, california, usa",48.0
72990,"watertown, new york, usa",31.0
73044,"sudbury, ontario, canada",
73157,"brush valley, pennsylvania, usa",20.0
73196,"little rock, arkansas, usa",35.0
73330,"seattle, washington, usa",29.0
73394,"san diego, california, usa",33.0
73588,"astoria, new york, usa",38.0
73651,"grapevine, texas, usa",
73681,"almada, setÃºbal, portugal",27.0
73923,"montrose, california, usa",29.0
74056,"san gabriel, california, usa",24.0
74286,"pampa, texas, usa",23.0
74328,"capitola, california, usa",40.0
74689,"seattle, washington, usa",39.0
74691,"birmingham, alabama, usa",49.0
74709,"macomb, michigan, usa",21.0
74758,"turners falls, massachusetts, usa",24.0
74833,"hamburg, hamburg, germany",35.0
75081,", illinois, usa",29.0
75089,"salt lake city, utah, usa",
75149,"geneva, illinois, usa",36.0
75485,"gainesville, florida, usa",27.0
75491,"west point, virginia, usa",26.0
75591,"charleston, west virginia, usa",33.0
75595,"amsterdam, noord-holland, netherlands",35.0
75819,"west falls, new york, usa",
75860,"buffalo, minnesota, usa",30.0
76019,"norwich, england, united kingdom",28.0
76102,"buckfield, maine, usa",33.0
76151,"sioux falls, south dakota, usa",49.0
76168,"southborough, massachusetts, usa",
76173,"comox, british columbia, canada",71.0
76223,"lisboa, lisboa, portugal",25.0
76351,"clarksville, tennessee, usa",34.0
76352,"olympia, washington, usa",58.0
76483,"orange park, florida, usa",37.0
76499,"new york, new york, usa",
76576,"snellville, georgia, usa",17.0
76626,"london, england, united kingdom",38.0
76710,"marietta, georgia, usa",57.0
76818,"little rock, arkansas, usa",49.0
76888,"easley, south carolina, usa",19.0
76942,"sacramento, california, usa",25.0
77082,"durango, colorado, usa",21.0
77181,"louisville, kentucky, usa",33.0
77383,"ottawa, ontario, canada",25.0
77480,"gig harbor, washington, usa",51.0
77809,"atlantic highlands, new jersey, usa",29.0
77860,"charleston, south carolina, usa",33.0
77940,"melaka, melaka, malaysia",
78015,"enfield, connecticut, usa",32.0
78448,"fairfax, virginia, usa",
78496,"hampton, illinois, usa",
78553,"el cajon, california, usa",40.0
78783,"chantilly, virginia, usa",49.0
78834,"honolulu, hawaii, usa",28.0
78846,"daphne, alabama, usa",58.0
78973,"amadora, lisboa, portugal",29.0
79009,"wellsburg, west virginia, usa",
79186,"fairbanks, alaska, usa",37.0
79266,"lakeland, florida, usa",
79506,"south plainfield, new jersey, usa",55.0
79724,"n/a, massachusetts, usa",
79740,"st. louis, missouri, usa",24.0
79942,"mackay, queensland, australia",26.0
79977,"chesapeake, virginia, usa",35.0
80203,"olympia, wa, usa",34.0
80453,"overland park, kansas, usa",24.0
80538,"lisboa, lisboa, portugal",32.0
80642,"st louis, missouri, usa",43.0
80683,"new castle, delaware, usa",27.0
80684,"hillsboro, oregon, usa",
80810,"warrensburg, missouri, usa",33.0
80820,"concord, california, usa",
80945,"freiburg, baden-wÃ¼rttemberg, germany",46.0
81045,"tigard, oregon, usa",
81088,"romsey, hampshire, united kingdom",18.0
81207,"maia, porto, portugal",20.0
81216,"lake jackson, texas, usa",
81298,"savannah, georgia, usa",20.0
81318,"cambridge, massachusetts, usa",25.0
81368,"mesa, arizona, usa",28.0
81492,"san antonio, texas, usa",28.0
81531,"olympia, washington, usa",
81560,"christchurch, canterbury, new zealand",
81597,"wichita, kansas, usa",
81609,"carrollton, kentucky, usa",57.0
81682,"bluffton, south carolina,",36.0
81771,"sacramento, california, usa",37.0
81848,"springfield, illinois, usa",35.0
81977,"minneapolis, minnesota, usa",34.0
82164,"oshawa, ontario, canada",46.0
82407,"washington, dc, usa",
82497,"yulee, florida, usa",47.0
82511,"firenze, toscana, italy",
82831,"nashville, tennessee, usa",21.0
82893,"san antonio, texas, usa",40.0
82926,"vista, california, usa",
83034,"fairbanks, alaska, usa",
83109,"montreal, quebec, canada",
83287,"tulsa, oklahoma, usa",45.0
83467,"northridge, california, usa",60.0
83496,"westfield, new jersey, usa",
83637,"raleigh, north carolina, usa",57.0
83671,"iowa city, ,",52.0
83707,"north dartmouth, massachusetts, usa",31.0
84024,"abilene, texas, usa",37.0
84523,"apopka, ,",30.0
84795,"alpharetta, ,",
84882,"woodstock, georgia, usa",
84900,"hong kong, hong kong, hong kong",37.0
85426,"chisholm, minnesota, usa",23.0
85526,"victoria, british columbia, canada",36.0
85656,"cottage grove, oregon, usa",41.0
85701,"savannah, georgia, usa",37.0
85757,"pawtucket, rhode island, usa",40.0
85993,"portland, oregon, usa",40.0
86093,"morgantown, west virginia, usa",25.0
86145,"alexandria, virginia, usa",45.0
86189,"tustin, california, usa",
86202,"sydney, new south wales, australia",26.0
86242,"new york, new york, usa",24.0
86243,"christchurch, canterbury, new zealand",
86835,"mercer island, ,",
86959,"oklahoma city, oklahoma, usa",29.0
86969,"forest grove, oregon, usa",59.0
87141,"huntington beach, california, usa",
87143,"whitehall, ohio, usa",53.0
87155,"auburn hills, michigan, usa",23.0
87555,"lexington, kentucky, usa",31.0
87690,"blythewood, south carolina, usa",36.0
87712,"yarmouth, nova scotia, canada",19.0
87746,"wallingford, connecticut, usa",52.0
87929,"portland, maine, usa",25.0
87938,"n/a, n/a, malaysia",15.0
87949,"gladewater, texas, usa",44.0
87974,"fort worth, texas, usa",25.0
88122,"jacksonville, north carolina, usa",30.0
88229,"thermopolis, wyoming, usa",44.0
88283,"hamburg, hamburg, germany",24.0
88620,"heemstede, noord-holland, netherlands",27.0
88652,"lanham, maryland, usa",83.0
88677,"laval, quebec, canada",44.0
88693,"shanghai, shanghai, china",30.0
88729,"st. clair shores, michigan, usa",31.0
88733,"houston, texas, usa",
88738,"harpers ferry, west virginia, usa",
88793,"arcata, california, usa",25.0
88937,"cary, north carolina, usa",39.0
89014,"surfside beach, south carolina, usa",
89391,"wichita, kansas, usa",
89551,"colorado springs, colorado, usa",29.0
89602,"honolulu, hawaii, usa",
90049,"victoria, british columbia, canada",30.0
90137,"norfolk, virginia, usa",40.0
90198,"cornwall, new york,",34.0
90391,"queens, new york, usa",41.0
90417,"rye, new hampshire, usa",40.0
90616,"southfield, michigan, usa",
90653,"evansville, indiana, usa",29.0
91017,"holtsville, ,",54.0
91058,"blanco, texas, usa",63.0
91103,"casper, wyoming, usa",35.0
91113,"chicago, illinois, usa",26.0
91130,"mcleansville, north carolina, usa",39.0
91184,"kuala lumpur, kuala lumpur, malaysia",31.0
91203,"glasgow, scotland, united kingdom",30.0
91266,"corbin, kentucky,",
91342,"doha, doha, qatar",29.0
91449,"farncombe, surrey, united kingdom",34.0
91633,"french camp, california, usa",21.0
91832,"miami, florida, usa",
91931,"new westminster, british columbia, canada",40.0
92405,"dortmund, nordrhein-westfalen, germany",26.0
92547,"baker city, oregon, usa",29.0
92810,"manistee, michigan, usa",60.0
92853,"ely, england, united kingdom",
92861,"vancouver, british columbia, canada",
92979,"fairfield, california, usa",
93046,"fallon, nevada, usa",47.0
93047,"nashua, new hampshire, usa",52.0
93059,"algonquin, illinois, usa",
93085,"cedar rapids, iowa, usa",34.0
93092,"sherwood park, alberta, canada",22.0
93179,"san diego, california, usa",
93241,"woodland hills, california, usa",
93363,"farmington hills, michigan, usa",30.0
93426,"plano, texas, usa",35.0
93518,"round rock, texas, usa",
93629,"baton rouge, louisiana, usa",54.0
93631,"halifax, ,",26.0
94347,"oakland, new jersey, usa",44.0
94494,"tacoma, washington, usa",24.0
94787,"cleveland, ohio, usa",24.0
94923,"brick, new jersey, usa",40.0
94951,"san jose, california, usa",37.0
94985,"sant cugat del vallÃ¨s, catalunya, spain",39.0
95010,"san jose, california, usa",
95173,"sterling heights, michigan, usa",
95193,"bellingham, washington, usa",69.0
95250,"prospect, kentucky, usa",
95316,"fredericton, new brunswick, canada",
95353,"rock creek, british columbia, canada",59.0
95359,"charleston, west virginia, usa",33.0
95393,"austin, texas, usa",33.0
95509,"canoga park, california, usa",38.0
95574,"philadelphia, pennsylvania, usa",37.0
95903,"mason, ohio, usa",27.0
95923,"bloomfield, new jersey, usa",17.0
95932,"manchester, new hampshire, usa",36.0
95991,"santa ana, california, usa",28.0
96054,"ottawa, ontario, canada",29.0
96320,"houston, texas, usa",51.0
96357,"aiken, south carolina, usa",31.0
96440,"rochester, new york, usa",29.0
96448,"albuquerque, new mexico, usa",
96554,"barcelona, catalunya, spain",36.0
96679,"seville grove, western australia, australia",27.0
96744,"jerez de la frontera, cadiz, spain",34.0
96771,"springfield, virginia, usa",43.0
96776,"winston salem, north carolina, usa",28.0
96970,"minneapolis, minnesota, usa",42.0
97160,"north port, florida, usa",
97208,"san rafael, california, usa",
97694,"vancouver, british columbia, canada",25.0
97721,"castro valley, california, usa",46.0
97754,"schenectady, new york, usa",46.0
97874,"n/a, british columbia, canada",
97945,"omaha, nebraska, usa",34.0
98159,"vancouver, british columbia, canada",56.0
98263,"north vancouver, british columbia, canada",35.0
98297,"espoo, uusimaa, finland",24.0
98356,"west blocton, alabama, usa",45.0
98391,"morrow, georgia, usa",52.0
98440,"yuma, arizona, usa",17.0
98547,"columbia, south carolina, usa",43.0
98647,"selayang, selangor, malaysia",26.0
98686,"norfolk, virginia, usa",32.0
98723,"cincinnati, ohio, usa",29.0
98741,"fairbanks, alaska, usa",30.0
98758,"calgary, alberta, canada",25.0
98787,"melbourne, victoria, australia",26.0
98904,"billings, montana, usa",28.0
98930,"northampton, massachusetts, usa",
99032,"white plains, new york, usa",25.0
99347,"muskegon, michigan, usa",30.0
99630,"framingham, massachusetts, usa",24.0
99955,"lockport, new york, usa",14.0
100009,"victoria, british columbia, canada",49.0
100088,"burnley, england, united kingdom",26.0
100115,"new lenox, illinois, usa",42.0
100227,"tehran, tehran, iran",36.0
100264,"brunswick, ohio, usa",37.0
100459,"bay area, california, usa",38.0
100644,"heilbronn, baden-wuerttemberg, germany",26.0
100822,"tenafly, new jersey, usa",54.0
100846,"plainfield, illinois, usa",39.0
100906,"seattle, washington, usa",34.0
101209,"ft huachuca, arizona, usa",44.0
101304,"chesapeake, virginia, usa",68.0
101305,"milwaukee, wisconsin, usa",29.0
101606,"niagara falls, ontario, canada",32.0
101620,"brookland, arkansas, usa",
101851,"keizer, oregon, usa",29.0
101874,"milton, pennsylvania, usa",
101876,"nicholasville, kentucky, usa",38.0
102275,"saint clair, michigan, usa",52.0
102359,"springfield, oregon, usa",
102647,"modesto, california, usa",14.0
102702,"honolulu, hawaii, usa",34.0
102705,"ottawa, ontario, canada",22.0
102945,"meshoppen, pennsylvania, usa",
102967,"olympia, washington, usa",54.0
103304,"st louis, missouri, usa",44.0
103336,"tucson, arizona, usa",55.0
104058,"newark, ohio, usa",
104113,"springfield, missouri, usa",24.0
104123,"point mugu, california, usa",
104144,"florence, alabama, usa",65.0
104211,"chattanooga, tennessee, usa",39.0
104311,"salinas, puerto rico, usa",
104362,"eugene, oregon, usa",45.0
104399,"middletown, ohio, usa",29.0
104429,"brainerd, minnesota, usa",39.0
104505,"bend, oregon,",34.0
104636,"youngstown, ohio, usa",
104657,"cave creek, arizona, usa",25.0
104665,"altoona, iowa, usa",30.0
104880,"madison, wisconsin, usa",21.0
105028,"kuala lumpur, federal territory, malaysia",22.0
105054,"edmonton, alberta, canada",29.0
105058,"north york, ontario, canada",32.0
105108,"st. louis, missouri, usa",35.0
105214,"pittsburgh, pennsylvania, usa",34.0
105221,"la mesa, california, usa",15.0
105374,"montreal, quebec, canada",25.0
105517,"calgary, alberta, canada",28.0
105627,"london, ontario, canada",23.0
105937,"tampa, florida, usa",27.0
105979,"oakland, california, usa",26.0
106007,"santa rosa, california, usa",29.0
106131,"lorton, virginia, usa",32.0
106225,"chicago, illinois, usa",38.0
106273,"paducah, kentucky, usa",28.0
106417,"sw ranches, florida, usa",
106816,"independence, missouri, usa",57.0
106849,"dunkirk, indiana, usa",39.0
106936,"hamilton, ontario, canada",48.0
107021,"indianapolis, indiana, usa",45.0
107244,"appleton, wisconsin, usa",50.0
107301,"west kensington, london, united kingdom",31.0
107453,"chunchula, alabama, usa",18.0
107784,"tarentum, pennsylvania, usa",
107865,"tampa, florida, usa",
107951,"tÃ¼bingen, baden-wÃ¼rttemberg, germany",
108005,"greenfield, wisconsin, usa",29.0
108155,"indianapolis, indiana, usa",29.0
108285,"appleton, wisconsin, usa",22.0
108352,"rochester, michigan, usa",37.0
108392,"mountain view, california, usa",34.0
108405,"irvine, ,",49.0
108480,"caracas, dtto federal, venezuela",
108481,"west vancouver, british columbia, canada",
108485,"roseburg, oregon, usa",32.0
108700,"orlando, florida, usa",49.0
108752,"fort polk, louisiana, usa",31.0
108753,"san jose, california, usa",48.0
108799,"kaneohe, hawaii, usa",
108950,"voorhees, new jersey, usa",43.0
109013,"virginia beach, virginia, usa",39.0
109349,"exton, pennsylvania,",
109461,"oklahoma city, oklahoma, usa",30.0
109491,"brentwood, california, usa",40.0
109562,"salem, oregon, usa",
109574,"edmonton, alberta, canada",50.0
109779,"arab, alabama, usa",25.0
109899,"garnerville, new york, usa",
109901,"sydney, new south wales, australia",59.0
109955,"adelaide, south australia, australia",
109971,"noblesville, indiana, usa",71.0
110029,"norwich, england, united kingdom",27.0
110040,"philadelphia, pennsylvania, usa",23.0
110076,"toronto, ontario, canada",52.0
110214,"baltimore, maryland, usa",45.0
110373,"livingston, new jersey, usa",
110382,"brooklyn, new york, usa",35.0
110440,"fairfax, virginia, usa",29.0
110483,"fredericton, new brunswick, canada",30.0
110608,"binghamton, new york, usa",22.0
110746,"wrexham, wales, united kingdom",59.0
110912,"milpitas, california, usa",36.0
110934,"kirkland, washington, usa",46.0
110973,"wiley ford, west virginia, usa",43.0
111174,"austin, texas, usa",
111190,"belton, texas, usa",53.0
111241,"spokane, washington, usa",
111261,"rochester, new york, usa",
111578,"fremont, california, usa",
111637,"tiburon, california, usa",53.0
111847,"sabine pass, texas, usa",38.0
111944,"mannford, oklahoma, usa",23.0
111947,"albuquerque, new mexico, usa",30.0
112001,"barren springs, virginia, usa",43.0
112026,"lakewood, washington, usa",17.0
112083,"tucson, arizona, usa",25.0
112093,"spencer, indiana, usa",35.0
112408,"paramus, nj, usa",48.0
112541,"sydney, new south wales, australia",22.0
112559,"dallas, texas, usa",37.0
112761,"bronx, new york, usa",29.0
112765,"west new york, new jersey, usa",35.0
112881,"kitchener, ontario, canada",18.0
112914,"alameda, california, usa",
113030,"vancouver, british columbia, canada",25.0
113270,"evanston, illinois, usa",25.0
113334,"calgary, alberta, canada",40.0
113435,"bratenahl, ohio, usa",49.0
113467,"pittsburgh, pennsylvania, usa",37.0
113519,"pleasanton, california, usa",
113663,"ocala, ,",
113817,"melbourne, victoria, australia",25.0
113904,"baltimore, maryland, usa",31.0
113983,"plano, texas, usa",39.0
114178,"tokyo, tokyo, japan",30.0
114216,"ste-anne-de-bellevue, quebec, canada",
114368,"mechanicsville, maryland, usa",33.0
114414,"edinburg, texas, usa",27.0
114444,"alexandria, virginia, usa",34.0
114446,"cardiff, wales, united kingdom",26.0
114544,"antelope, california, usa",35.0
114581,"san francisco, california, usa",23.0
114868,"edmonton, alberta, canada",31.0
114988,"temple, texas, usa",37.0
115002,"stockholm, stockholm, sweden",
115003,"asheville, north carolina, usa",43.0
115120,"sherman oaks, california, usa",29.0
115234,"st. peters, missouri, usa",32.0
115435,"cincinnati, ohio, usa",30.0
115473,"pennsylvania, ,",
115488,"sydney, new south wales, australia",22.0
115490,"dekalb, illinois, usa",
115503,"orlando, florida, usa",
115537,"toronto, ontario, canada",50.0
115572,"darlington, south carolina, usa",23.0
115692,"blacksburg, virginia, usa",33.0
115841,"hutchinson, kansas, usa",60.0
116005,"london, ontario, canada",28.0
116210,"oisterwijk, noord-brabant, netherlands",46.0
116301,"colonial heights, virginia, usa",30.0
116599,"tehran, tehran, iran",29.0
116758,"paullina, iowa, usa",38.0
116904,"san antonio, texas, usa",38.0
116931,"ann arbor, michigan, usa",24.0
117111,"toronto, ontario, canada",30.0
117132,"st louis, missouri, usa",66.0
117251,"pleasant hill, california, usa",
117384,"some other, planet, far away...",29.0
117539,"rock hill, south carolina, usa",30.0
117593,"fredericton, new brunswick, canada",31.0
117594,"moline, illinois, usa",26.0
117852,"stamford, connecticut, usa",34.0
117873,"evanston, illinois, usa",50.0
118275,"legionowo, woj. mazowieckie, poland",24.0
118320,"calgary, alberta, canada",29.0
118434,"darwin, northern territory, australia",23.0
118484,"wonder lake, illinois, usa",
118533,"owasso, oklahoma, usa",37.0
118677,"boise, idaho, usa",46.0
119248,"fpo, ap, usa",12.0
119364,"bothell, washington, usa",16.0
119505,"rotterdam, , netherlands",32.0
119517,"andover, minnesota, usa",
119575,"north vancouver, british columbia, canada",30.0
119725,"wokingham, berkshire, united kingdom",24.0
120080,"preston, lancashire, england, united kingdom",32.0
120090,"cascade, ,",
120093,"merrick, acworth, new york, georgia, usa",59.0
120396,"boyce, virginia, usa",46.0
120548,"ourense, ourense, spain",39.0
120598,"plant city, florida, usa",
120828,"munster, indiana, usa",27.0
120908,"boston, massachusetts, usa",27.0
121170,"arlington, virginia, usa",30.0
121251,"galt, california, usa",41.0
121606,"petaling jaya, selangor, malaysia",23.0
121817,"ballston spa, new york, usa",38.0
121986,"atlanta, georgia, usa",54.0
122014,"memphis, tennessee, usa",39.0
122429,"kamuela, hawaii, usa",48.0
122440,"vancouver, british columbia, canada",29.0
122506,"coralville, iowa, usa",27.0
122716,"tucson, ,",30.0
122793,"omemee, ontario, canada",46.0
122801,"elm grove, wisconsin, usa",38.0
123056,"halifax, nova scotia, canada",32.0
123095,"hollywood, maryland, usa",
123257,"circleville, ohio, usa",20.0
123430,"manning, south carolina, usa",
123460,"brea, california, usa",31.0
123515,"beaverton, oregon, usa",
123544,"dallas, texas, usa",
123625,"geelong, victoria, australia",22.0
123744,"newark, delaware, usa",25.0
123790,"mount vernon, new york, usa",25.0
123825,"vancouver, british columbia, canada",
123867,"kearns, utah, usa",
123883,"topeka, kansas, usa",18.0
123981,"phoenix, arizona, usa",46.0
124066,"kenmore, washington,",
124078,"muskegon, michigan, usa",25.0
124079,"prince george, british columbia, canada",24.0
124259,"boulder, colorado, usa",
124298,"stockton, california, usa",25.0
124310,"salem, south carolina, usa",53.0
124322,"ottawa, ontario, canada",
124363,"tallahassee, florida, usa",36.0
124487,"ramah, new mexico, usa",
124489,"mt.view, hawaii, usa",
124574,"wellston, ohio, usa",37.0
124597,"brights grove, ontario, canada",38.0
124874,"warren, new jersey, usa",32.0
124876,"redford, michigan, usa",23.0
124942,"olympia, washington, usa",
124983,"amarillo, texas, usa",32.0
124989,"old orchard beach, maine, usa",46.0
125031,"alburquerque, ,",
125039,"lafayette, indiana, usa",27.0
125063,"vancouver, british columbia, canada",44.0
125143,"new york, new york, usa",22.0
125203,"montreal, quebec, canada",18.0
125287,"atlanta, georgia, usa",40.0
125303,"dortmund, nordrhein-westfalen, germany",25.0
125411,"louisville, kentucky, usa",43.0
125519,"irvine, california, usa",40.0
125692,"elmira, new york, usa",28.0
125736,"atlanta, georgia, usa",17.0
125774,"tehran, tehran, iran",36.0
125779,"san diego, california, usa",
125878,"foxboro, massachusetts, usa",
126196,"wilmington, delaware, usa",36.0
126296,"ramsey, huntingdon, cambridgeshire, united kingdom",41.0
126388,"kernersville, north carolina, usa",26.0
126395,"arkansas, arkansas, usa",28.0
126492,"westmont, illinois, usa",31.0
126585,"north saanich, british columbia, canada",
126604,"north reading, massachusetts, usa",27.0
126693,"newmarket, ontario, canada",33.0
126726,"stone mountain, georgia, usa",34.0
126736,"fulton, missouri, usa",38.0
126810,"galena, ohio, usa",
126814,"west chester, ohio, usa",32.0
126903,"lancaster, pennsylvania, usa",
127129,"langley, british columbia, canada",
127131,"stopsley, bedfordshire, united kingdom",42.0
127190,"jasper, indiana, usa",57.0
127200,"urbana, illinois, usa",
127233,"marietta, georgia, usa",29.0
127359,"beaverton, oregon, usa",33.0
127429,"kansas city, missouri, usa",23.0
127623,"voncouver, washington, usa",27.0
127826,"duluth, georgia, usa",
127914,"anchorage, alaska, usa",43.0
128045,"clearwater, florida, usa",41.0
128085,"durham, north carolina, usa",40.0
128119,"olathe, kansas, usa",
128122,"lithia springs, georgia, usa",37.0
128208,"san antonio, texas, usa",34.0
128276,"los angeles, ,",
128325,"toledo, ohio, usa",43.0
128610,"fort myers beach, ,",48.0
128696,"southampton, england, united kingdom",34.0
128732,"north dighton, massachusetts, usa",31.0
128835,"bellingham, washington, usa",60.0
129008,"rapid city, south dakota, usa",44.0
129074,"marietta, georgia, usa",51.0
129084,"boise, idaho, usa",39.0
129358,"highland, california, usa",36.0
129368,"los gatos, ,",
129373,"mercer island, ,",54.0
129465,"durham, north carolina, usa",33.0
129489,"vancouver, british columbia, canada",24.0
129503,"lisboa, n/a, portugal",40.0
129690,"valley stream, new york, usa",34.0
129716,"tallahassee, florida, usa",30.0
129851,"philadelphia, pennsylvania, usa",35.0
130157,"olympia, washington, usa",47.0
130426,"walla walla, washington, usa",
130438,"yarmouth, nova scotia, canada",38.0
130474,"nashville, tennessee, usa",33.0
130554,"sandpoint, idaho, usa",
130570,"singapore, n/a, singapore",
130571,"summerville, south carolina, usa",
130658,"montreal, ,",90.0
130705,"sydney, new south wales, australia",29.0
130950,"jersey city, new jersey, usa",32.0
131027,"portland, oregon, usa",31.0
131046,"ellington, connecticut, usa",26.0
131402,"governors bay, canterbury, new zealand",
131482,"woburn, massachusetts, usa",37.0
131594,"citrus heights, california, usa",47.0
131837,"west valley city, utah, usa",
131855,"farnborough, hampshire, united kingdom",31.0
132083,"tazewell, virginia, usa",47.0
132173,"charlotte, north carolina, usa",
132188,"bloomer, ,",55.0
132199,"santa barbara, california, usa",
132375,"denver, colorado, usa",58.0
132544,"ottawa, ontario, canada",38.0
132836,"west palm beach, florida, usa",57.0
132930,"wokingham, england, united kingdom",29.0
133284,"atlanta, georgia, usa",41.0
133296,"ormond beach, florida, usa",23.0
133416,"jacksons point, ontario, canada",25.0
133571,"olney, maryland, usa",39.0
133682,"las cruces, new mexico, usa",
133689,"calgary, alberta, canada",29.0
133706,"palmyra, western australia, australia",30.0
133738,"indianapolis, indiana, usa",28.0
133747,"gaithersburg, maryland, usa",28.0
133935,"north arlington, new jersey, usa",28.0
134005,"santa rosa, california, usa",34.0
134247,"winfield, illinois, usa",26.0
134434,"barcelona, barcelona, spain",25.0
134516,"london, england, united kingdom",26.0
134784,"chicago, illinois, usa",27.0
134797,"elk grove, california, usa",
134837,"kuala lumpur, wilayah persekutuan, malaysia",28.0
134869,"menifee lakes, california, usa",
135045,"spring, texas, usa",29.0
135149,"ft. pierce, florida, usa",
135265,"groton, connecticut, usa",32.0
135294,"houston, texas, usa",32.0
135351,"greenwood, south carolina, usa",23.0
135360,"albuquerque, new mexico, usa",39.0
135376,"las vegas, nevada, usa",
135398,"alexandria, kentucky, usa",40.0
135458,"ottawa, ontario, canada",24.0
135609,"charlestown, massachusetts, usa",
135673,"hafnarfjordur, reykjavik, iceland",26.0
135703,"fredericton, new brunswick, canada",32.0
135753,"baker city, oregon, usa",55.0
135831,"potomac falls, virginia, usa",
136010,"brampton, ontario, canada",
136071,"normal, illinois, usa",44.0
136139,"fair oaks, california, usa",
136205,"crest hill, illinois, usa",39.0
136237,"calgary, alberta, canada",34.0
136240,"travelers rest, south carolina, usa",20.0
136252,"santa fe, new mexico, usa",33.0
136313,"portland, oregon, usa",27.0
136326,"shingle springs, california, usa",42.0
136348,"oceanside, new york, usa",51.0
136382,"edmonton, alberta, canada",
136473,"minneapolis, minnesota, usa",
136491,"rio rancho, new mexico, usa",18.0
136509,"santa barbara, california, usa",31.0
137211,"charlotte, north carolina, usa",
137336,"longview, washington, usa",26.0
137588,"portland, oregon, usa",
137589,"enterprise, oregon, usa",35.0
137688,"medford, new york, usa",46.0
137742,"santo domingo, distrito nacional, dominican republic",24.0
138010,"somerville, massachusetts, usa",31.0
138097,"winter park, florida, usa",35.0
138189,"saint paul, minnesota, usa",37.0
138198,"edmonton, alberta, canada",37.0
138239,"tulsa, oklahoma, usa",40.0
138441,"merrimack, new hampshire, usa",34.0
138515,"japser, florida, usa",36.0
138543,"mesquite, texas, usa",21.0
138578,"cape girardeau, missouri, usa",38.0
138602,"bremerton, washington, usa",36.0
138844,"winnipeg, manitoba, canada",40.0
138995,"keyser, west virginia, usa",47.0
139141,"oakland, california, usa",35.0
139359,"fort myers, florida, usa",36.0
139387,"hamilton, ontario, canada",30.0
139467,"norfolk, virginia, usa",53.0
139636,"georgetown, penang,, malaysia",22.0
139742,"toronto, ontario, canada",36.0
139827,"phoenix, arizona, usa",
139828,"juneau, , usa",49.0
139913,"monett, missouri, usa",54.0
140000,"london, england, united kingdom",
140036,"milford, michigan, usa",35.0
140184,"guildford, surrey, united kingdom",23.0
140223,"somerville, massachusetts, usa",27.0
140255,"orlando, florida, usa",21.0
140340,"zeeland, michigan,",42.0
140358,"san diego, california, usa",
140410,"st. louis, missouri, usa",26.0
140555,"vancouver, british columbia, canada",31.0
140662,"portland, oregon, usa",30.0
140879,"duesseldorf, nordrhein-westfalen, germany",36.0
141010,"puyallup, washington, usa",35.0
141444,"west springfield, massachusetts,",
141491,"westminster, maryland, usa",47.0
141493,"dove canyon, california, usa",44.0
141710,"omaha, nebraska, usa",
141719,"houston, texas, usa",
141819,"perth, western australia, australia",34.0
141901,"christchurch, canterbury, new zealand",43.0
141902,"newport news, virginia, usa",51.0
141958,"oslo, oslo, norway",41.0
142093,"storm lake, iowa, usa",
142121,"waipahu, hawaii, usa",33.0
142256,"winfield, alberta, canada",52.0
142479,"portland, maine, usa",
142524,"detroit, michigan, usa",36.0
142579,"apex, north carolina, usa",
142715,"wasilla, alaska, usa",35.0
142745,"kyoto, kyoto, japan",38.0
142801,"manhattan, kansas, usa",17.0
143163,"weaverville, california, usa",26.0
143175,"blythewood, south carolina, usa",28.0
143211,"greenbelt, maryland, usa",
143253,"dyersburg, tennessee, usa",27.0
143415,"bellingham, washington, usa",50.0
143497,"oakland, california, usa",36.0
143792,"nottingham, england, united kingdom",25.0
143837,"san antonio, texas, usa",28.0
143909,"wuppertal, nordrhein-westfalen, germany",26.0
143964,"chardon, ohio, usa",26.0
143968,"wesley chapel, florida, usa",39.0
144038,"columbia, missouri, usa",49.0
144194,"magnolia, new jersey, usa",21.0
144255,"riedstadt, hessen, germany",
144315,"tempe, arizona, usa",
144318,"grimes, iowa, usa",
144478,"galveston, texas, usa",39.0
144531,"pleasanton, california, usa",37.0
144555,"northbrook, illinois, usa",37.0
144910,"colorado springs, colorado, usa",
145165,"sydney, new south wales, australia",38.0
145369,"winnemucca, nevada, usa",
145431,"lake forest, florida, usa",33.0
145449,"virginia beach, virginia, usa",
145451,"winter haven, florida, usa",63.0
145619,"middletown, connecticut, usa",36.0
145641,"madison, new jersey, usa",
145737,"elmhurst, illinois, usa",40.0
146113,"cary, north carolina, usa",
146175,"orlando, florida, usa",27.0
146230,"bourbonnais, ,",49.0
146279,"camdenton, missouri, usa",42.0
146298,"strasbourg, alsace, france",25.0
146348,"tigard, oregon, usa",
146386,"palmdale, california, usa",14.0
146564,"bardstown, kentucky, usa",43.0
146803,"n/a, n/a, usa",
146874,"lilburn, georgia, usa",
146932,"miami, florida, usa",30.0
147141,"portland, oregon, usa",21.0
147224,"mechanicsburg, pennsylvania, usa",41.0
147451,"herne bay, england, united kingdom",37.0
147686,"farmingdale, new york, usa",34.0
147752,"downers grove, illinois, usa",27.0
147847,"greenville, illinois, usa",
147965,"lake wales, florida, usa",
148028,"decatur, texas, usa",
148199,"toronto, ontario, canada",50.0
148258,"toronto, ontario, canada",
148314,"calgary, alberta, canada",29.0
148590,"thunder bay, ontario, canada",49.0
148712,"homer, alaska, usa",
148744,"campbellsport, wisconsin, usa",67.0
148798,"webster, florida, usa",54.0
148804,"los angeles, california, usa",
148898,"holiday, florida, usa",24.0
148934,"brooklyn, new york, usa",31.0
149043,"sonoma, california, usa",55.0
149069,"struthers, ohio, usa",30.0
149071,"nekoosa, wisconsin, usa",49.0
149084,"germantown, maryland, usa",32.0
149204,"lincoln, nebraska, usa",
149231,"gladstone, oregon,",
149661,"ventura, california, usa",
149690,"logan city, queensland, australia",35.0
149802,"bethlehem, connecticut, usa",33.0
149907,"hendersonville, north carolina, usa",42.0
149908,"hull, england, united kingdom",29.0
149934,"chicago, illinois, usa",44.0
150124,"york, nebraska, usa",30.0
150498,"cumberland, maryland, usa",38.0
150561,"bodegraven, zuid-holland, netherlands",33.0
150661,"scottsdale, arizona, usa",36.0
150896,"vancouver, washington, usa",30.0
150968,"manchester, new hampshire, usa",47.0
150979,"greencastle, pennsylvania, usa",34.0
151002,"burkburnett, texas, usa",
151098,"appalachia, virginia, usa",38.0
151101,"pottstown, pennsylvania, usa",
151104,"albuquerque, new mexico, usa",
151107,"minneapolis, minnesota, usa",39.0
151139,"la jolla, california,",
151143,"deming, new mexico, usa",
151503,"fairbanks, alaska, usa",33.0
151537,"dalton, georgia, usa",33.0
151589,"portland, oregon, usa",56.0
151608,"orillia, ontario, canada",
151702,"warner robins, georgia, usa",18.0
151790,"austin, texas, usa",26.0
151991,"zeist, utrecht, netherlands",39.0
152099,"wickenburg, arizona, usa",14.0
152186,"windsor, ontario, canada",33.0
152249,"salt lake, utah, usa",
152309,"chicago, illinois, usa",71.0
152354,"boston, massachusetts, usa",
152409,"phoenixville, pennsylvania, usa",33.0
152579,"kota kinabalu, sabah, malaysia",22.0
152645,"chicago, illinois, usa",28.0
152651,"plattsburgh, new york, usa",24.0
152696,"studio city, california, usa",
152946,"lisbon, lisbon, portugal",25.0
153054,"cambridge, massachusetts, usa",20.0
153257,"kelowna, british columbia, canada",
153322,"york, ,",33.0
153361,"jacksonville, arkansas, usa",44.0
153513,"little rock, arkansas, usa",31.0
153563,"muncie, indiana, usa",
153662,"ft. stewart, georgia, usa",44.0
153718,"round lake, illinois, usa",27.0
153723,"fresno, california,",31.0
153797,"tulsa, oklahoma, usa",31.0
154070,"wellman, iowa, usa",38.0
154469,"trois-riviÃ¨res ouest, quebec, canada",
154529,"fishers, indiana, usa",37.0
154730,"encinitas, california, usa",42.0
154844,"sharon hill, pennsylvania, usa",32.0
154944,"colony, kansas, usa",33.0
154992,"maryland heights, missouri, usa",40.0
155014,"las cruces, new mexico, usa",
155147,"seattle, washington, usa",60.0
155173,"aurora, colorado, usa",
155219,"stamford, connecticut, usa",29.0
155495,"hood river, oregon, usa",26.0
155580,"fairport, new york, usa",61.0
155778,"orlando, ,",
156150,"howell, new jersey, usa",36.0
156214,"new bern, north carolina, usa",59.0
156269,"chicago, illinois, usa",53.0
156300,"pinon hills, california, usa",49.0
156467,"waltham, massachusetts, usa",38.0
157247,"deventer, overijssel, netherlands",48.0
157273,"dripping springs, texas, usa",37.0
157655,"sydney, new south wales, australia",45.0
157799,"heemstede, noord holland, netherlands",42.0
157811,"kissimmee, florida, usa",34.0
158033,"riverside, california, usa",24.0
158226,"oslo, oslo, norway",26.0
158254,"asheville, north carolina, usa",28.0
158262,"antioch, tennessee,",29.0
158295,"cleveland, ohio, usa",
158433,"nahant, massachusetts, usa",
158714,"dardanelle, arkansas, usa",
159033,"taneytown, maryland, usa",46.0
159137,"waban, massachusetts, usa",42.0
159376,"mathews, ,",
159440,"lille, nord, france",27.0
159506,"portland, oregon, usa",28.0
159732,"watchung, new jersey, usa",47.0
159822,"aptos, california, usa",37.0
159834,"las vegas, nevada, usa",19.0
159858,"atlantic beach, florida, usa",37.0
160393,"union, missouri, usa",46.0
160401,"akron, ohio, usa",30.0
160558,"hooksett, new hampshire, usa",28.0
160571,"limoges, n/a, france",
160681,"niles, michigan, usa",28.0
160735,"blaine, minnesota, usa",39.0
160819,"miami, florida, usa",43.0
161037,"milton, ,",32.0
161039,"fredericton, new brunswick, canada",30.0
161041,"lisbon, n/a, portugal",24.0
161299,"covina, california, usa",41.0
161348,"palmdale, california, usa",17.0
161752,"mesa, arizona, usa",58.0
161936,"gisborne, victoria, australia",53.0
161974,"center rutland, vermont, usa",25.0
162052,"danville, virginia, usa",51.0
162155,"federal way, washington, usa",57.0
162311,"largo, florida, usa",22.0
162376,"lynn, massachusetts, usa",23.0
162562,"omaha, nebraska, usa",29.0
162590,"n/a, british columbia, canada",
162639,"kelso, washington, usa",
162671,"yarmouth, nova scotia, canada",19.0
162738,"waterford, michigan, usa",35.0
162780,"rock island, tennessee, usa",31.0
162827,"seattle, washington, usa",
163202,"los angeles, california, usa",26.0
163307,"tulsa, oklahoma, usa",24.0
163326,"gum spring, virginia, usa",28.0
163358,"toronto, ontario, canada",21.0
163430,"huntsville, texas, usa",
163433,"edmonton, alberta, canada",
163488,"salem, ohio, usa",24.0
163570,"lincoln, new brunswick, canada",50.0
163676,"roanoke, virginia, usa",59.0
163744,"merville, british columbia, canada",54.0
163776,"barboursville,, virginia, usa",29.0
163804,"bonaire, georgia, usa",43.0
163973,"sÃ£o paulo, sÃ£o paulo, brazil",46.0
164027,"burlington, ontario, canada",
164096,"lisboa, lisboa, portugal",29.0
164323,"delta, british columbia, canada",31.0
164584,"manchester, new hampshire, usa",52.0
164675,"portland, oregon, usa",55.0
164728,"studio city, california, usa",
164828,"duncanville, alabama, usa",
164926,"ann arbor, michigan, usa",25.0
164956,"waterdown, ontario, canada",44.0
165183,"tulsa, oklahoma,",60.0
165232,"saint albans, west virginia, usa",23.0
165268,"madras, oregon, usa",73.0
165308,"new berlin, wisconsin, usa",33.0
165319,"tucson, arizona, usa",28.0
165345,"rohnert park, california, usa",
165758,"st. catharines, ontario, canada",
165759,"crossville, tennessee, usa",58.0
165866,"ashville, alabama, usa",27.0
165987,"banks, oregon, usa",48.0
166123,"cortez, colorado, usa",32.0
166391,"hanover, pennsylvania, usa",60.0
166409,"richmond, virginia, usa",63.0
166596,"greenwood, british columbia, canada",57.0
166824,"nova, virginia, usa",
166830,"ionia, michigan, usa",24.0
166922,"london, england, united kingdom",26.0
167189,"coburg, oregon, usa",43.0
167223,"west hollywood, california, usa",
167327,"kaiserslautern, rheinland-pfalz, germany",29.0
167349,"keller, texas, usa",33.0
167471,"milton, ontario, canada",29.0
167614,"seattle, washington, usa",46.0
167678,"belton, tx, usa",35.0
167746,"charlestown, massachusetts, usa",32.0
167800,"olive branch, mississippi, usa",57.0
167812,"vancouver, washington, usa",38.0
168036,"tualatin, ,",
168047,"oxford, connecticut, usa",28.0
168064,"fredericton, new brunswick, canada",
168132,"middletown, maryland, usa",37.0
168144,"oceanside, california, usa",46.0
168216,"calgary, alberta, canada",47.0
168245,"delisle, saskatchewan, canada",37.0
168387,"frankston, victoria, australia",32.0
168388,"victoria, ,",
168464,"antioch, illinois, usa",11.0
168642,"seattle, washington, usa",24.0
168816,"santa clara, california, usa",35.0
168954,"manhattan, kansas, usa",29.0
169233,"chicago, illinois, usa",27.0
169249,"colorado springs, colorado, usa",43.0
169309,"east lansing, michigan, usa",
169663,"towson, maryland, usa",
169682,"minneapolis, minnesota, usa",26.0
169699,"vadnais heights, minnesota, usa",40.0
169735,"nisswa, minnesota, usa",
169779,"st. charles, missouri, usa",36.0
170184,"melton mowbray, england, united kingdom",51.0
170227,"stevenage, england, united kingdom",33.0
170229,"chicago, illinois, usa",56.0
170264,"clinton township, michigan, usa",23.0
170415,"tacoma, washington, usa",30.0
170513,"butler, pennsylvania, usa",
170518,"gaithersburg, maryland, usa",61.0
170575,"bethlehem, pennsylvania, usa",32.0
170595,"maiden, north carolina, usa",34.0
170634,"crystal lake, illinois, usa",
170742,"o`fallon, missouri, usa",41.0
170810,"kitchener, ontario, canada",40.0
170861,"hopkinton, massachusetts, usa",44.0
170947,"sheldon, iowa, usa",35.0
170997,"westminster, california, usa",66.0
171078,"langley, british columbia, canada",43.0
171118,"toronto, ontario, canada",47.0
171445,"berkeley, california, usa",37.0
171638,"trout creek, montana, usa",50.0
171818,"sacramento, california, usa",31.0
171968,"irving, texas, usa",23.0
171970,"elmhurst, illinois, usa",
172030,"rainsville, alabama, usa",30.0
172061,"portland, oregon, usa",25.0
172091,"cherry creek, new york, usa",58.0
172203,"sandy, utah, usa",45.0
172374,"san bernardino, california, usa",20.0
172512,"louisville, kentucky, usa",25.0
172676,"long beach, california, usa",29.0
172742,"astoria, oregon, usa",44.0
173291,"greensboro, north carolina, usa",29.0
173415,"chicago, illinois, usa",31.0
173481,"arlington, texas, usa",69.0
173679,"regensburg, bavaria, germany",27.0
173684,"chula vista, california, usa",15.0
173835,"manchester, missouri, usa",53.0
173860,"chicago, illinois, usa",48.0
173879,"valley stream, new york, usa",25.0
174092,"holybourne, england, united kingdom",34.0
174179,"huntington beach, california, usa",
174216,"hamilton, ohio, usa",36.0
174304,"st. louis, missouri, usa",26.0
174326,"winnipeg, manitoba, canada",38.0
174428,"morrisville, north carolina, usa",37.0
174596,"jackson heights, new york, usa",
174726,"san diego, california, usa",
174791,"long beach, california, usa",38.0
174892,"milford, connecticut,",
174914,"perth, western australia, australia",33.0
175003,"round rock, texas, usa",33.0
175052,"chicago, illinois, usa",57.0
175070,"brandon, mississippi, usa",31.0
175100,"walled lake, ,",55.0
175117,"royersford, pennsylvania, usa",
175287,"roanoke, virginia, usa",32.0
175329,"san diego, california, usa",
175536,"dresden, sachsen, germany",27.0
175636,"san antonio, texas, usa",46.0
175886,"hindmarsh island, south australia, australia",52.0
176214,"springdale, arkansas, usa",34.0
176230,"cheyenne, wyoming, usa",
176256,"andrews, indiana, usa",32.0
176667,"minot, north dakota, usa",23.0
176875,"tampere, pirkanmaa, finland",31.0
176902,"o`fallon, missouri, usa",25.0
176903,"irving, texas, usa",24.0
177040,"cicero, new york, usa",27.0
177072,"moberly, missouri, usa",47.0
177073,"moberly, missouri, usa",
177090,"ashland, missouri, usa",37.0
177113,"north augusta, south carolina, usa",47.0
177180,"akron, ohio, usa",39.0
177277,"plymouth, england, united kingdom",30.0
177373,"orlando, florida, usa",29.0
177374,"kingston, washington, usa",
177375,"w.m., pennsylvania, usa",42.0
177432,"wichita, kansas, usa",33.0
177458,"ottawa, ontario, canada",29.0
177569,"port orchard, washington, usa",52.0
177590,"green bay, wisconsin, usa",49.0
177690,"nottingham, maryland, usa",27.0
178130,"auburn, washington, usa",45.0
178181,"bloomfield hills, michigan, usa",32.0
178199,"amarillo, texas, usa",
178201,"saint louis, ,",
178223,"sioux falls, south dakota, usa",34.0
178240,"olive branch, mississippi, usa",49.0
178522,"somerset, ,",
178667,"freehold, new jersey, usa",34.0
178920,"san francisco, california, usa",31.0
178950,"orlando, florida, usa",
179019,"little falls, new york,",
179433,"raleigh, north carolina, usa",42.0
179718,"leroy, ,",39.0
179730,"harmony, rhode island, usa",
179733,"greenville, texas, usa",26.0
179734,"greenville, texas, usa",26.0
179739,"aurora, ontario, canada",42.0
179744,"manchester, connecticut, usa",26.0
179772,"high river, alberta, canada",37.0
179791,"sydney, new south wales, australia",22.0
179978,"perry, new york, usa",28.0
180032,"brooklyn, new york, usa",
180042,"thornton, ontario, canada",63.0
180348,"fredericksburg, virginia, usa",40.0
180378,"calgary, alberta, canada",38.0
180495,"millville, new jersey, usa",80.0
180586,"creston, british columbia, canada",
180651,"coventry, england, united kingdom",54.0
180917,"albuquerque, new mexico, usa",50.0
180957,"adelaide, south australia, australia",
181076,"stony plain, alberta, canada",53.0
181077,"rosebud, alberta, canada",35.0
181176,"st. louis, missouri, usa",43.0
181212,"roswell, georgia, usa",32.0
181223,"windham, new hampshire, usa",
181687,"austin, texas, usa",29.0
181691,"chicago, illinois, usa",26.0
182053,"london, ontario, canada",30.0
182085,"ginsheim, hessen, germany",
182086,"ginsheim, hessen, germany",
182334,"somerville, massachusetts, usa",31.0
182442,"ithaca, new york, usa",
182459,"fort wayne, indiana, usa",28.0
182506,"orlando, florida, usa",40.0
182527,"pekin, illinois, usa",62.0
182746,"jacksonville, florida, usa",44.0
182969,"minneapolis, minnesota, usa",36.0
182987,"armentia, Ã¡lava, spain",
182993,"carneys point, new jersey, usa",40.0
183046,"toronto, ontario, canada",
183101,"kingsport, tennessee, usa",15.0
183187,"williamsport, pennsylvania, usa",48.0
183196,"peoria, illinois, usa",33.0
183340,"n/a, n/a, usa",
183532,"sherman, texas, usa",35.0
183995,"columbus (grandview heights), ohio, usa",49.0
184299,"omaha, nebraska, usa",31.0
184401,"olympia, washington, united state",55.0
184424,"dayton, ohio, usa",44.0
184465,"louisville, kentucky, usa",33.0
184483,"pittsburgh, pennsylvania, usa",41.0
184513,"navarre, florida, usa",61.0
184532,"des moines, iowa, usa",28.0
184629,"tucson, arizona, usa",
185147,"canaan, new york, usa",33.0
185176,"dayton, ohio, usa",37.0
185233,"winnemucca, nevada, usa",31.0
185254,"deleon, texas, usa",30.0
185275,"seattle, washington, usa",32.0
185384,"st. charles, missouri, usa",
185634,"fridley, minnesota, usa",
185722,"long beach, california, usa",24.0
185771,"alexandria, virginia, usa",39.0
186039,"tehran, tehran, iran",24.0
186527,"richmond, vermont, usa",37.0
186547,"apex, north carolina, usa",55.0
186570,"rantoul, illinois, usa",28.0
186837,"schofield, wisconsin, usa",39.0
187065,"red feather lakes, ,",
187145,"grapeview, washington, usa",65.0
187170,"chesapeake, virginia, usa",33.0
187256,"citrus heights, california, usa",
187266,"gordon, nebraska, usa",66.0
187410,"kansas city, n/a, usa",100.0
187517,"brooklyn, new york, usa",28.0
187574,"metuchen, new jersey, usa",
187613,"olympia, washington, usa",19.0
187624,"mountlake terrace, washington, usa",34.0
187762,"rapid city, south dakota, usa",24.0
187863,"greenwood, south carolina, usa",33.0
187981,"melbourne, victoria, australia",23.0
188010,"edmonton, alberta, canada",
188022,"harlowton, montana, usa",
188273,"hawthorne, new jersey, usa",22.0
188513,"brookfield, wisconsin, usa",44.0
188583,"thunder bay, ontario, canada",22.0
188659,"orange, connecticut, usa",61.0
188951,"valdosta, georgia, usa",24.0
189080,"hoxie, arkansas, usa",28.0
189115,"st. louis, missouri, usa",28.0
189139,"lake country, british columbia, canada",40.0
189334,"ottawa, ontario, canada",49.0
189516,"colorado springs, colorado, usa",37.0
189558,"catlettsburg, kentucky, usa",55.0
189678,"stamford, connecticut, usa",43.0
189835,"honolulu, hawaii, usa",
189973,"pittsburgh, pennsylvania, usa",
190374,"kamloops, british columbia, canada",38.0
190459,"schertz, texas, usa",40.0
190708,"ramona, california, usa",43.0
190741,"corpus christi, texas, usa",52.0
190807,"ramona, california, usa",43.0
190831,"calgary, alberta, canada",
190844,"forest grove, oregon, usa",
190885,"philadelphia, pennsylvania, usa",38.0
190923,"burlington, vermont, usa",45.0
190925,"hobe sound, florida, usa",51.0
191187,"cedar rapids, iowa, usa",
191188,"oakland, california, usa",80.0
191523,"madison, indiana, usa",41.0
191716,"tatamagouche, nova scotia, canada",49.0
191883,"mount airy, north carolina, usa",27.0
192093,"lake worth, florida, usa",46.0
192119,"occoquan, virginia, usa",39.0
192176,"portland, oregon, usa",58.0
192211,"grove city, ohio, usa",45.0
192245,"beaverton, ,",
192428,"leeds, alabama, usa",34.0
192710,"ponte vedra, florida, usa",53.0
193350,"streamwood, illinois, usa",
193458,"toronto, ontario, canada",40.0
193499,"deland, florida, usa",41.0
193529,"florissant, missouri, usa",51.0
193676,"waterford, new york, usa",27.0
193750,"pasadena,maryland, maryland, usa",49.0
193778,"dallas, georgia, usa",
193898,"paradise, pennsylvania, usa",
194463,"lancaster, ,",52.0
194514,"melzo, lombardia, italy",36.0
194600,"toronto, ontario, canada",51.0
194669,"savannah, georgia, usa",46.0
194676,"jonesboro, arkansas, usa",
195386,"canyon country, california, usa",53.0
195469,"congers, new york, usa",39.0
195694,"tucson, arizona, usa",29.0
195904,"ruby, south carolina, usa",36.0
196047,"macomb, michigan, usa",55.0
196052,"pittsburgh, pennsylvania, usa",36.0
196077,"disputanta, virginia, usa",28.0
196106,"west palm beach, florida, usa",34.0
196160,"auburn, alabama, usa",22.0
196228,"richmond, virginia, usa",40.0
196457,"seattle, washington, usa",
196466,"king of prussia, pennsylvania, usa",30.0
196502,"decatur, georgia, usa",38.0
196738,"snellville, georgia, usa",39.0
196775,"toronto, ontario, canada",
196985,"storm lake, iowa, usa",
197364,"cumming, georgia, usa",30.0
197410,"stockholm, stockholm, sweden",31.0
197659,"indiana, pennsylvania, usa",49.0
197775,"iasi, iasi, romania",21.0
197828,"san diego, california, usa",61.0
198012,"baltimore, maryland, usa",34.0
198046,"milwaukee, wisconsin, usa",51.0
198412,"waretown, new jersey, usa",17.0
198483,"silver spring, maryland, usa",
198506,"orlando, florida, usa",49.0
198621,"melbourne, florida, usa",42.0
198625,"baker city, oregon, usa",30.0
198699,"dow city, iowa, usa",49.0
198711,"little canada, minnesota, usa",62.0
198726,"brooklyn park, minnesota, usa",46.0
198930,"mesquite, texas, usa",21.0
199025,"charleston, south carolina, usa",
199041,"pleasanton, california, usa",
199209,"napa, california, usa",32.0
199378,"la ronge, saskatchewan, canada",14.0
199416,"houma, louisiana,",65.0
199431,"oakwood, georgia, usa",15.0
199515,"la cienega, new mexico, usa",44.0
199772,"vista, california, usa",
200226,"burlington, ontario, canada",39.0
200422,"plainfield, illinois, usa",29.0
200643,"austin, texas, usa",21.0
200674,"pittsburg, missouri, usa",58.0
200978,"culemborg, gelderland, netherlands",41.0
201017,"palmetto bay, florida, usa",36.0
201042,"birmingham, alabama, usa",34.0
201058,"e-ville, california, usa",
201141,"ottawa, ontario, canada",27.0
201290,"seixal, setÃºbal, portugal",35.0
201447,"springfield, virginia, usa",40.0
201526,"vancouver, british columbia, canada",25.0
201641,"ottawa, ontario, canada",19.0
201674,"sellersville, pennsylvania, usa",28.0
201677,"hawthorne, new jersey, usa",29.0
201684,"austin, texas, usa",24.0
201697,"markham, ontario, canada",29.0
201760,"mitchell, indiana, usa",29.0
201768,"fredericton, new brunswick, canada",47.0
201776,"saint john, new brunswick, canada",22.0
201783,"white haven, pennsylvania, usa",25.0
201923,"glen mills, pennsylvania, usa",
201969,"vancouver, british columbia, canada",
202277,"kennesaw, georgia, usa",54.0
202462,"arlington, texas, usa",32.0
202711,"westminster, texas, usa",30.0
202834,"swisshime, oregon, usa",20.0
203044,"bloomington, indiana, usa",40.0
203075,"huntington beach, california, usa",23.0
203240,"st. louis, missouri, usa",32.0
203401,"livermore, california, usa",
203506,"rye brook, new york, usa",18.0
203649,"mount vernon, kentucky, usa",41.0
203764,"petersburg, virginia, usa",48.0
203799,"menasha, wisconsin, usa",54.0
203900,"portland, oregon, usa",30.0
203910,"manila, makati, phillipines",16.0
203968,"cumberland, maryland, usa",
204167,"watervliet, new york, usa",30.0
204359,"brooklyn, new york,",40.0
204457,"hawthorne, new jersey, usa",55.0
204474,"hartford, connecticut, usa",
204522,"mena, arkansas, usa",29.0
204591,"toronto, ontario, canada",30.0
204813,"jersey city, new jersey, usa",
204864,"simi valley, california, usa",47.0
204964,"chicopee, massachusetts, usa",24.0
205473,"ottawa, ontario, canada",32.0
205517,"raleigh, north carolina, usa",
205735,"mosinee, wisconsin, usa",26.0
205963,"santa clara, california, usa",56.0
205980,"west chester, pennsylvania, usa",
206074,"new britain, connecticut, usa",16.0
206305,"lancaster, ohio, usa",
206423,"columbia, maryland, usa",
206438,"katy, texas, usa",24.0
206534,"evanston, illinois, usa",
206563,"pomfret center, connecticut, usa",45.0
206567,"new orleans, louisiana, usa",33.0
206695,"hanover, colorado, usa",45.0
206944,"camarillo, california, usa",26.0
206959,"niceville, florida, usa",32.0
206979,"dunedin, otago, new zealand",22.0
207148,"san diego, california, usa",42.0
207246,"owensboro, kentucky, usa",28.0
207259,"florence, oregon, usa",38.0
207339,"wells, maine, usa",43.0
207349,"seadrift, texas, usa",25.0
207494,"huntsville, alabama, usa",42.0
207499,"las cruces, new mexico, usa",
207563,"montgomery, alabama, usa",29.0
207616,"choctaw, oklahoma,",53.0
207721,"mississauga, ontario, canada",39.0
207782,"midland, texas, usa",28.0
207835,"houston, ,",57.0
207965,"eugene, oregon, usa",46.0
207971,"greenville, florida, usa",53.0
208058,"rancho cucamonga, california, usa",35.0
208095,"hollywood, florida, usa",
208141,"jefferson, wisconsin, usa",46.0
208147,"federal way, washington, usa",41.0
208382,"fontana, california, usa",53.0
208406,"kansas city, missouri, usa",30.0
208415,"laguna hills, california, usa",37.0
208568,"fontana, california, usa",
208605,"cape neddick, maine, usa",38.0
208668,"umatilla, oregon, usa",59.0
208671,"simi valley, california, usa",
208815,"san diego, ca, usa",23.0
208829,"fredericton, new brunswick, canada",
208897,"awattukkee foothills, arizona, usa",
209160,"ottawa, ontario, canada",32.0
209174,"toronto, ontario, canada",
209229,"fairfax, ,",35.0
209238,"pass christian, mississippi39571, usa",60.0
209373,"mountain view, california, usa",37.0
209516,"felixstowe, suffolk, united kingdom",57.0
209536,"erith, kent, united kingdom",30.0
209756,"sacramento, california, usa",36.0
209817,"pittsburgh, pennsylvania, usa",27.0
209870,"superior, colorado, usa",41.0
209875,"crescent city, california, usa",43.0
210035,"cumberland, maryland, usa",24.0
210485,"carmichael, california, usa",35.0
210587,"harper woods, michigan, usa",
210685,"medford, oregon, usa",25.0
210717,"wantagh, new york, usa",42.0
210792,"franconia, virginia, usa",36.0
210822,"new orleans, louisiana, usa",36.0
210874,"toronto, ontario, canada",26.0
210959,"cliffwood, new jersey, usa",30.0
211231,"prague, prague, czech republic",21.0
211288,"seattle, washington, usa",36.0
211344,"vienna, virginia, usa",32.0
211426,"pueblo, colorado, usa",24.0
211430,"toronto, ontario, canada",28.0
211460,"wien, wien, austria",33.0
211919,"jacksonville, florida, usa",38.0
211961,"enschede, overijssel, netherlands",40.0
212142,"warrenton, virginia, usa",37.0
212216,"lexington, virginia,",
212467,"weimar, texas, usa",62.0
212628,"horsham, pennsylvania, usa",36.0
212645,"coal township, pennsylvania, usa",21.0
212797,"cedar rapids, iowa, usa",39.0
212898,"la ronge, saskatchewan, canada",
212923,"minneapolis, minnesota, usa",34.0
212965,"akron,, ohio, usa",43.0
213126,"spring, texas, usa",
213255,"lancaster, lancashire, united kingdom",32.0
213350,"rowland heights, california, usa",65.0
213410,"elm grove, wisconsin, usa",
213523,"brookville, pennsylvania, usa",
213531,"bolingbrook, illinois, usa",63.0
213760,"omaha, nebraska, usa",32.0
213915,"sheffield, s yorkshire, united kingdom",29.0
214138,"lakeland,, florida, usa",79.0
214272,"paris, tennessee, usa",42.0
214315,"louisville, kentucky, usa",32.0
214651,"las vegas, nevada, usa",38.0
214786,"boone county, kentucky, usa",
215006,"seattle, washington, usa",44.0
215278,"anderson, california, usa",
215388,"citrus heights, california, usa",
215986,"fort worth, texas, usa",28.0
215988,"lake oswego, oregon, usa",42.0
216012,"clevelad, ohio, usa",34.0
216099,"ciudad colÃ³n, san josÃ©, costa rica",
216100,"lancaster, new hampshire, usa",40.0
216386,"taylorsville, utah, usa",25.0
216444,"nunspeet, gelderland, netherlands",57.0
216466,"castleton, vermont, usa",29.0
216670,"pensacola, florida, usa",
216683,"san jose, california, usa",
216724,"miami, florida, usa",20.0
216962,"austin, texas, usa",
217056,"peoria, arizona, usa",30.0
217121,"frodsham, england, united kingdom",43.0
217318,"sackville, new brunswick, canada",
217375,"st. petersburg, florida, usa",35.0
217740,"madrid, madrid, spain",37.0
217895,"tehran, tehran, iran",
217986,"ypsilanti, michigan, usa",35.0
218068,"west lafayette, indiana, usa",35.0
218121,"brighton, colorado, usa",
218552,"san antonio, texas, usa",48.0
218568,"byron, minnesota, usa",41.0
218569,"salem, oregon, usa",36.0
218608,"spartanburg, south carolina, usa",31.0
218936,"webster, texas, usa",43.0
219254,"ottawa, ontario, canada",
219301,"franklin, massachusetts, usa",
219321,"marshfield, massachusetts, usa",
219482,"san antonio, texas, usa",28.0
219546,"new albany, indiana, usa",25.0
219683,"santa ana, california, usa",32.0
219951,"wolverhampton, england, united kingdom",19.0
220158,"mena, arkansas, usa",
220240,"roanoke, texas, usa",34.0
220278,"hammond, indiana, usa",32.0
220597,"toronto, ontario, canada",26.0
220626,"wisconsin rapids, wisconsin, usa",27.0
220688,"brookline, massachusetts, usa",27.0
221445,"portland, oregon, usa",
221510,"euless, texas, usa",28.0
221705,"jacksonville beach, florida, usa",
221732,"columbia, missouri, usa",26.0
221777,"cuyahoga falls, ohio, usa",26.0
221870,"oelwein, iowa, usa",45.0
221948,"jacksonville, florida, usa",36.0
222035,"bristol, connecticut, usa",56.0
222050,"allen park, michigan, usa",45.0
222220,"austin, texas, usa",30.0
222296,"chapel hill, north carolina, usa",
222563,"griswold, connecticut, usa",41.0
222614,"alameda, california, usa",59.0
222688,"philadelphia, pennsylvania, usa",42.0
222716,"adelaide, south australia, australia",
222941,"las vegas, nevada, usa",57.0
223087,"sherman oaks, california, usa",
223154,"wilmington, north carolina, usa",33.0
223156,"springfield, illinois, usa",31.0
223190,"the woodlands, texas, usa",33.0
223201,"huntington beach, california, usa",
223210,"rock hill, south carolina, usa",57.0
223231,"warsaw, n/a, poland",17.0
223431,"los angeles, california, usa",
223438,"randolph, massachusetts, usa",31.0
223501,"santa cruz, california, usa",
223530,"san diego, california, usa",
223566,"kansas city, missouri, usa",29.0
223644,"newmarket, ontario, canada",30.0
223787,"fountain valley, california, usa",58.0
223814,"london, england, united kingdom",
224115,"beaverton, oregon, usa",28.0
224138,"carlsbad, california, usa",
224159,"redding, california, usa",
224249,"moline, illinois, usa",
224340,"kansas city, missouri, usa",45.0
224349,"columbia, maryland, usa",23.0
224430,"louisville, kentucky, usa",
224435,"warren, michigan, usa",24.0
224646,"london, england, united kingdom",
224809,"nashua, new hampshire, usa",61.0
224923,"cleveland, ohio, usa",24.0
224927,"the woodlands, texas, usa",38.0
224997,"legazpi, albay, philippines",
225078,"austin, texas, usa",46.0
225087,"toronto, ontario, canada",51.0
225199,"toronto, ontario, canada",54.0
225379,"halifax, nova scotia, canada",24.0
225595,"savannah, georgia, usa",37.0
225617,"berkeley, california, usa",
225763,"san francisco, california, usa",
225810,"el cajon, california, usa",56.0
225886,"ruma, illinois, usa",35.0
225938,"lancaster, california, usa",46.0
225986,"watford, england, united kingdom",36.0
225989,"palmdale, california, usa",27.0
225996,"belton, texas, usa",20.0
226006,"scott, arkansas, usa",35.0
226031,"lakewood, colorado, usa",37.0
226205,"romeoville, illinois, usa",48.0
226393,"willow street, pennsylvania, usa",24.0
226482,"singapore, n/a,",21.0
226545,"mesa, arizona, usa",38.0
226553,"anchorage, alaska, usa",
226772,"mundelein, illinois, usa",37.0
226879,"overland park, kansas, usa",31.0
226965,"clemson, south carolina, usa",47.0
227025,"saskatoon, saskatchewan, canada",33.0
227097,"lynnwood, washington, usa",37.0
227192,"grand rapids, michigan, usa",
227397,"conway, arkansas, usa",
227447,"kelseyville, california, usa",38.0
227520,"san jose, california, usa",33.0
227702,"league city, texas, usa",42.0
227705,"westport, connecticut, usa",36.0
227814,"west valley city, ,",48.0
227836,"athens, georgia, usa",30.0
227884,"virginia beach, virginia, usa",25.0
228021,"ann arbor, michigan, usa",32.0
228311,"coon rapids, minnesota, usa",32.0
228579,"brooklyn, new york, usa",29.0
228681,"dumont, new jersey, usa",
228764,"oakdale, california, usa",39.0
228789,"skipton, north yorkshire, united kingdom",44.0
228868,"myrtle beach, south carolina, usa",33.0
228998,"lincoln, nebraska, usa",41.0
229011,"mclean, virginia, usa",
229313,"southgate, michigan, usa",31.0
229329,"st-lÃ©gier, vaud, switzerland",56.0
229331,"houston, texas, usa",37.0
229409,"leipzig, sachsen, germany",32.0
229551,"ottawa, ontario, canada",28.0
229703,"south surrey, british columbia, canada",
229741,"kensington, california, usa",29.0
230030,"berkeley, california, usa",36.0
230115,"ap, florida, usa",44.0
230249,"glen rock, pennsylvania, usa",
230496,"simi valley, california, usa",34.0
230522,"colorado springs, colorado, usa",52.0
230699,"seattle, washington, usa",30.0
230708,"modesto, california, usa",43.0
231210,"roanoke, virginia, usa",44.0
231237,"waianae, hawaii, us",
231255,"surrey, british columbia, canada",
231264,"san antonio, texas, usa",38.0
231351,"methuen, massachusetts, usa",34.0
231393,"montreal, quebec, canada",28.0
231827,"festus, missouri, usa",32.0
231857,"canberra, australian capital territory, australia",46.0
231993,"akron, ohio, usa",26.0
232106,"bayfield, colorado, usa",36.0
232131,"oakland, california, usa",
232211,"socorro, new mexico, usa",
232838,"cincinnati, ohio, usa",39.0
232945,"newport, rhode island, usa",28.0
232959,"portland, oregon, usa",43.0
232964,"westchester, illinois, usa",44.0
232990,"portland, oregon, usa",26.0
233578,"san antonio, texas, usa",43.0
233711,"mackay, queensland, australia",36.0
233889,"brisbane, queensland, australia",37.0
233903,"n/a, n/a, singapore",23.0
233911,"romney, west virginia, usa",41.0
233917,"madera, california, usa",38.0
234108,"ladera ranch, california, usa",
234165,"upton, massachusetts, usa",
234359,"morro bay, california, usa",35.0
234399,"rochester, new york, usa",
234597,"firenze, toscana, italy",
234614,"springfield, illinois, usa",
234623,"scarborough, maine, usa",
234765,"kuching, sarawak, malaysia",28.0
234828,"fairbanks, alaska, usa",
235105,"st louis, missouri, usa",46.0
235282,"encino, california, usa",43.0
235392,"st. louis, missouri, usa",27.0
235429,"los altos, california, usa",19.0
235498,"lisboa, lisboa, portugal",42.0
235684,"miami, florida, usa",26.0
235842,"griswold, iowa, usa",41.0
235935,"bridgeton, new jersey, usa",43.0
236058,"san francisco, california, usa",34.0
236172,"chesapeake, virginia, usa",34.0
236283,"orlando, florida, usa",41.0
236322,"houston, texas, usa",
236340,"st kilda, victoria, australia",29.0
236757,"mars, pennsylvania, usa",
236948,"toronto, ontario, canada",35.0
236959,"st. louis, missouri, usa",35.0
237064,"oxford, ,",68.0
237264,"cairo, n/a, egypt",35.0
237271,"sandy, utah, usa",
237474,"montreal, quebec, canada",24.0
237534,"rexdale, ontario, canada",47.0
237646,"rockville, maryland, usa",56.0
237748,"eagan, minnesota, usa",27.0
237990,"rochester, new york, usa",
238008,"edmond, oklahoma, usa",36.0
238065,"bourbonnais, illinois, usa",27.0
238120,"louisville, kentucky, usa",25.0
238179,"smithton, illinois, usa",
238222,"upper sandusky, ohio, usa",28.0
238419,"lapeer, michigan, usa",
238526,"charleston, south carolina, usa",
238541,"vancouver, british columbia, canada",
238545,"mountain view, california, usa",
238557,"kuala lumpur, selangor, malaysia",21.0
238607,"pineville, north carolina, usa",24.0
238613,"st. john`s, newfoundland, canada",37.0
238699,"amagansett, new york, usa",
238781,"yucca valley, california, usa",51.0
238849,"saskatoon, saskatchewan, canada",40.0
238864,"powys, wales, united kingdom",32.0
238889,"clark fork, idaho, usa",33.0
238961,"antioch, illinois, usa",18.0
239063,"mooresville, north carolina, usa",
239535,"columbus, ,",
239584,"gilroy, california, usa",
239594,"leuven, vlaams-brabant, belgium",28.0
239626,"wellesley, massachusetts, usa",52.0
239688,"winnemucca, nevada, usa",26.0
240035,"birmingham, alabama, usa",
240051,"trenton, ontario, canada",32.0
240113,"carmichael, ,",
240131,"sherwood park, alberta, canada",26.0
240144,"muskego, wisconsin, usa",34.0
240219,"arlington, tennessee, usa",38.0
240224,"walnut creek, california, usa",52.0
240267,"st. louis, missouri, usa",
240403,"louisville, kentucky, usa",49.0
240567,"hawthorne, new jersey, usa",33.0
240568,"elk  city, oklahoma, usa",34.0
240643,"niceville, florida, usa",
240700,"waldorf, maryland, usa",15.0
240756,"guyton, georgia, usa",41.0
240829,"durham, north carolina, usa",23.0
240906,"whistler, british columbia, canada",
241204,"marrickville, new south wales, australia",23.0
241306,"colfax, north carolina, usa",32.0
241548,"saratoga, california, usa",44.0
241614,"philadelphia, pennsylvania, usa",20.0
241666,"san francisco, california, usa",35.0
241749,"freeburg, ,",
241980,"ashburn, virginia, usa",35.0
242006,"santo domingo, distrito nacional, dominican republic",30.0
242073,"aldergrove, british columbia, canada",28.0
242083,"fairview, new mexico, usa",24.0
242106,"covington, virginia, usa",28.0
242143,"fort frances, ontario, canada",
242247,"livonia, michigan, usa",42.0
242299,"orlando, florida, usa",25.0
242361,"greencastle, pennsylvania, usa",
242528,"lindstrom, minnesota, usa",44.0
242646,"ft myers beach, florida, usa",
242824,"belton, texas, usa",21.0
243065,"royal oak, michigan, usa",
243077,"ann arbor, michigan, usa",34.0
243142,"westerville, ohio, usa",51.0
243236,"modesto, california, usa",50.0
243294,"geismar, louisiana, usa",25.0
243312,"ann arbor, michigan, usa",36.0
243360,"east elmhurst, new york, usa",
243585,"goodyear, arizona, usa",56.0
243700,"milwaukee, wisconsin, usa",
243720,"hickory, north carolina, usa",
243759,"lock haven, pennsylvania, usa",51.0
243879,"los angeles, california, usa",32.0
243891,"cary, north carolina, usa",
243929,"chicago, illinois,",63.0
243930,"montreuil, seine saint-denis, france",43.0
243942,"baltimore, maryland, usa",
244171,"moline, illinois, usa",51.0
244277,"inverness, scotland, united kingdom",44.0
244286,"howell, new jersey, usa",22.0
244349,"los banos, california, usa",40.0
244420,"kenmore, ,",
244593,"huntsville, alabama, usa",33.0
244627,"shelbyville, tennessee, usa",32.0
244657,"chicago, illinois, usa",32.0
244662,"old perlican, newfoundland, canada",29.0
244685,"rockvale, tennessee,",
244688,"st. petersburg, florida, usa",26.0
244736,"forest grove, oregon, usa",23.0
244994,"ostermundigen, bern, switzerland",
245295,"puchong, selangor, malaysia",24.0
245371,"halifax, nova scotia, canada",26.0
245410,"san antonio, texas, usa",28.0
245534,"toronto, ontario, canada",
245568,"springport, michigan, usa",
245645,"phoenix, arizona, usa",
245649,"greensboro, north carolina, usa",27.0
245650,"lakeland, florida, usa",
245827,"albuquerque, ,",
245864,"superior, wisconsin, usa",46.0
245963,"saint louis, missouri, usa",
246000,"saratoga, california, usa",20.0
246156,"eastbourne, england, united kingdom",32.0
246247,"akron, ohio, usa",29.0
246311,"lynnwood, washington, usa",35.0
246437,"killeen, texas, usa",37.0
246470,"kimberling city, missouri, usa",31.0
246507,"san francisco, california, usa",35.0
246513,"virginia beach, virginia, usa",23.0
246617,"derby, england, united kingdom",27.0
246634,"dana point, california, usa",
246655,"mooresville, north carolina, usa",
246671,"melbourne, victoria, australia",27.0
246759,"singapore, n/a, singapore",23.0
246776,"gympie, queensland, australia",21.0
246959,"oegstgeest, zuid-holland, netherlands",49.0
247055,"daly city, california, usa",25.0
247060,"portland, oregon, usa",
247129,"kuching, sarawak, malaysia",26.0
247201,"derby, western australia, australia",
247240,"port of spain, maraval, trinidad and tobago",31.0
247241,"avalon, wisconsin, usa",37.0
247423,"morgan hill, california, usa",
247429,"marshfield, wisconsin, usa",39.0
247447,"long beach, california, usa",19.0
247752,"wake forest, north carolina, usa",30.0
247840,"alexandria, virginia, usa",
247852,"snellville, georgia, usa",
248464,"portland, oregon, usa",30.0
248468,"hewitt, new jersey, usa",44.0
248477,"dandridge, tennessee, usa",17.0
248496,"coquitlam, british columbia, canada",
248718,"hyde park, new york, usa",43.0
248850,"verdon, nebraska, usa",48.0
249111,"calgary, alberta, canada",
249223,"erdenheim, pennsylvania, usa",
249407,"nashville, tennessee, usa",22.0
249628,"whitney, texas, usa",51.0
249695,"halifax, nova scotia, canada",35.0
249723,"round rock, texas, usa",32.0
249862,"sugar land, texas, usa",
249894,"duncansville, pennsylvania, usa",
249924,"san francisco, california, usa",38.0
249958,"westmont, illinois, usa",12.0
249989,"lansing, michigan, usa",
250184,"renton, washington, usa",
250300,"n/a, n/a, singapore",
250330,"riverdale, new york, usa",
250359,"lÃ¼nen, nordrhein-westfalen, germany",23.0
250405,"columbus, ohio, usa",55.0
250510,"st. louis, missouri, usa",
250645,"thunder bay, ontario, canada",22.0
250683,"london, ontario, canada",41.0
250709,"chicago, illinois, usa",
250764,"cove, oregon, usa",
250925,"milton, ontario, canada",33.0
250936,"jacksonville, florida, usa",36.0
250962,"vancouver, british columbia, canada",24.0
251003,"latonia, kentucky, usa",37.0
251140,"redding, california, usa",25.0
251164,"trabuco canyon, california, usa",59.0
251339,"bayboro, north carolina, usa",46.0
251394,"portland, maine, usa",25.0
251422,"cumberland, maryland, usa",23.0
251495,"mundelein, illinois, usa",54.0
251613,"sonoma, california, usa",34.0
251642,"farmington hills, michigan, usa",57.0
251843,"homer city, pennsylvania, usa",
251844,"lisboa, lisboa, portugal",30.0
252071,"catawba, wisconsin, usa",32.0
252222,"mississauga, ontario, canada",21.0
252287,"boynton beach, florida, usa",58.0
252347,"springfield, virginia, usa",52.0
252695,"lincoln, nebraska, usa",
252820,"montreal, quebec, canada",33.0
252827,"sheffield, england, united kingdom",36.0
252843,"ogden, utah, usa",
252848,"vinton, virginia, usa",32.0
252865,"olympia, washington, usa",30.0
253005,"huntsville, alabama, usa",43.0
253106,"westchester county, new york, usa",45.0
253482,"vallejo, california, usa",24.0
253556,"modesto, california, usa",31.0
253580,"midland, ontario, canada",52.0
253629,"gulf breeze, florida, usa",
253771,"palm springs, florida, usa",49.0
253821,"fulton, missouri, usa",
253855,"edmonton, alberta, canada",29.0
253867,"roanoke, virginia, usa",
253871,"mechanicsville, maryland, usa",26.0
254053,"hackettstown, new jersey, usa",27.0
254144,"collinsville, texas, usa",23.0
254160,"millbrae, california, usa",33.0
254201,"milwaukee, wisconsin, usa",25.0
254206,"tucson, arizona, usa",31.0
254241,"orange park, florida, usa",35.0
254299,"the dalles, oregon, usa",55.0
254377,"niles, michigan, usa",50.0
254405,"nanticoke, pennsylvania, usa",33.0
254465,"maryville, tennessee, usa",22.0
254467,"walnut creek, california, usa",29.0
254676,"chicago, illinois,",
254822,"hamilton, ontario, canada",
254899,"browns mills, new jersey, usa",54.0
254971,"boise, idaho, usa",53.0
255078,"pewaukee, wisconsin, usa",49.0
255092,"corrales, new mexico, usa",
255218,"anaheim, california, usa",46.0
255489,"sherman oaks, california, usa",
255546,"las vegas, nevada, usa",42.0
255618,"scottsdale, arizona, usa",30.0
255719,"columbus, ohio, usa",30.0
255814,"york, england, united kingdom",29.0
256167,"temecula, california, usa",14.0
256247,"sydney, new south wales, australia",35.0
256402,"huntsville, alabama, usa",34.0
256407,"florissant, missouri, usa",58.0
256507,"melbourne, victoria, australia",26.0
256843,"isle of palms, south carolina, usa",40.0
256844,"gulfport, mississippi, usa",36.0
257024,"houston, ,",38.0
257028,"chicago heights, illinois, usa",31.0
257204,"akron, ohio, usa",32.0
257548,"ray, michigan usa, ,",45.0
257700,"slippery rock, pennsylvania, usa",22.0
258084,"mobile, alabama, usa",47.0
258152,"calgary, alberta, canada",29.0
258185,"livermore, maine, usa",37.0
258270,"fpo, ap, okinawa, japan",
258329,"ward, colorado, usa",26.0
258352,"jackson, michigan, usa",
258534,"mcqueeney, texas, usa",32.0
258690,"calgary, alberta, canada",
258884,"belvidere, illinois, usa",
258938,"los angeles, california, usa",27.0
259004,"copenhagen, n/a, denmark",28.0
259006,"saginaw, michigan, usa",28.0
259035,"edmonton, alberta, canada",38.0
259078,"fairbanks, alaska, usa",49.0
259118,"philadelphia, pennsylvania, usa",34.0
259259,"woodruff, south carolina, usa",30.0
259260,"fair haven, michigan, usa",56.0
259264,"molalla, ,",45.0
259320,"foster city, california, usa",41.0
259378,"winthrop, western australia, australia",46.0
259380,"blue springs, missouri, usa",
259430,"mission, texas, usa",24.0
259625,"meridian, texas, usa",
259629,"carrollton, texas, usa",51.0
259829,"madison, wisconsin, usa",44.0
259901,"thompson, manitoba, canada",
259930,"miami, florida, usa",25.0
260183,"st catharines, ontario, canada",25.0
260699,"toledo, ohio, usa",42.0
260897,"chicago, illinois, usa",25.0
260944,"stratford, connecticut, usa",
261105,"basel, basel-stadt, switzerland",50.0
261603,"san bernardino, california, usa",27.0
261829,"fpo, ap, usa",32.0
261998,"seal beach, california, usa",28.0
262040,"vancouver, british columbia, canada",41.0
262399,"glen allen, virginia, usa",48.0
262459,"mountain view, california, usa",
262902,"sydney, new south wales, australia",32.0
262998,"melbourne, victoria, australia",
263107,"innsbruck, tirol, austria",24.0
263163,"austin, texas, usa",26.0
263325,"fredericton, new brunswick, canada",27.0
263326,"austin, texas, usa",29.0
263344,"espoo, uusimaa, finland",17.0
263383,"arlington, ,",
263460,"tampa, florida, usa",31.0
263537,"wisconsin rapids, wisconsin, usa",47.0
263645,"st. catharines, ontario, canada",28.0
263877,"victoria, british columbia, canada",44.0
264031,"traverse city, michigan, usa",34.0
264082,"irving, texas, usa",42.0
264152,"boston, massachusetts, usa",
264311,"atlantic highlands, new jersey, usa",29.0
264317,"portela de sacavÃ©m, loures, portugal",25.0
264321,"toronto, ontario, canada",33.0
264525,"quezon city, manila, philippines",17.0
264543,"quincy, massachusetts, usa",
264637,"germantown, maryland, usa",24.0
264657,"st. louis, missouri, usa",23.0
264947,"la mesa, california, usa",
264996,"oneida, tennessee, usa",25.0
265083,"brooklyn, new york, usa",25.0
265115,"vista, california, usa",
265313,"morrisville, north carolina, usa",33.0
265553,"san diego, california, usa",
265607,"west sacramento, california, usa",31.0
265827,"dayton, texas, usa",57.0
265889,"kitchener, ontario, canada",30.0
266056,"hoover, alabama, usa",47.0
266226,"new york, new york, usa",
266229,"kent, washington, usa",24.0
266268,"camden, south carolina, usa",
266283,"walla walla, washington, usa",62.0
266650,"plant city, florida, usa",35.0
266753,"oakland, california, usa",
266807,"tustin, california, usa",35.0
266840,"columbia, south carolina, usa",22.0
266865,"reston, virginia, usa",33.0
266866,"northamptonshire, england, united kingdom",33.0
267033,"tucson, arizona, usa",
267061,"cedar rapids, iowa, usa",
267249,"la habra heights, california, usa",26.0
267409,"las vegas, nevada, usa",34.0
267510,"klang, selangor, malaysia",23.0
267538,"london, ontario, canada",49.0
267635,"bartlesville, oklahoma, usa",69.0
268030,"christchurch, canterbury, new zealand",
268032,"sunnyvale, california, usa",34.0
268110,"westerville, ohio, usa",
268300,"halifax, nova scotia, canada",25.0
268330,"miami, florida, usa",23.0
268544,"colorado springs, colorado, usa",
268622,"upper township, new jersey, usa",36.0
268657,"petaling jaya, selangor darul ehsan, malaysia",20.0
268751,"sheboygan, wisconsin, usa",34.0
268833,"deventer, overijssel, netherlands",40.0
268932,"red deer, alberta, canada",38.0
269157,"ann arbor, michigan, usa",
269321,"walpole, massachusetts, usa",49.0
269386,"roberts, montana, usa",36.0
269439,"austin, texas, usa",38.0
269566,"seattle, washington, usa",9.0
269719,"jacksonville, north carolina, usa",33.0
269738,"houston, texas, usa",29.0
269799,"new york, new york, usa",
269835,"loveland, colorado, usa",25.0
269890,"niles, michigan, usa",27.0
270156,"portland, oregon, usa",41.0
270352,"lombard, illinois, usa",31.0
270554,"fredericton, new brunswick, canada",
270605,"bourbonnais, illinois, usa",
270713,"toronto, ontario, canada",27.0
270801,"boise, idaho, usa",56.0
270820,"west bend, wisconsin, usa",52.0
270829,"paducah, kentucky, usa",30.0
270838,"rosemead, california, usa",53.0
270897,"reno, ,",29.0
270906,"lindsey, ohio, usa",32.0
271144,"albuquerque, new mexico, usa",25.0
271176,"louisville, kentucky, usa",39.0
271195,"elsmere, kentucky, usa",39.0
271245,"seattle, washington, usa",
271284,"alexandria, virginia, usa",50.0
271448,"ona, west virginia, usa",27.0
271460,"saint louis, missouri, usa",63.0
271538,"alexandria, virginia, usa",23.0
271558,"henderson, nevada, usa",35.0
271705,"atlanta, georgia, usa",25.0
272120,"alexandria, virginia, usa",
272225,"morecambe, england, united kingdom",49.0
272573,"poway, california, usa",23.0
273086,"chicago, illinois, usa",33.0
273110,"arco, ,",51.0
273113,"topeka, kansas, usa",18.0
273190,"coconut grove, ,",71.0
273307,"san francisco, california, usa",
273813,"lynchburg, virginia,",
273976,"saratoga, california, usa",20.0
273979,"bloomsburg, pennsylvania, usa",20.0
273993,"roxbury, massachusetts, usa",23.0
274004,"sydenham, london, england, united kingdom",41.0
274056,"seattle, washington, usa",24.0
274061,"gahanna/columbus, ohio, usa",26.0
274301,"frankston, victoria, australia",41.0
274308,"delray beach, florida, usa",33.0
274325,"amsterdam, n/a, netherlands",51.0
274549,"san diego, california, usa",
274634,"wahiawa, hawaii, usa",33.0
274808,"paynesville, , usa",17.0
275020,"new york, new york, usa",
275210,"copenhagen, n/a, denmark",29.0
275281,"albany, new york, usa",36.0
275306,"tyler, texas, usa",24.0
275401,"ne fife, scotland, united kingdom",42.0
275922,"groves, texas, usa",47.0
275970,"pittsburgh, pennsylvania, usa",46.0
276050,"beacon, new york, usa",30.0
276165,"las vegas, nevada, usa",20.0
276231,"livingston, texas, usa",
276463,"providence, rhode island, usa",26.0
276641,"porto, porto, portugal",25.0
276680,"hopewell junction, new york, usa",55.0
276688,"fort lee, new jersey, usa",
277195,"san francisco, california, usa",54.0
277427,"gilbert, arizona, usa",48.0
277478,"schiedam, zuid-holland, netherlands",31.0
277639,"forsyth, montana, usa",48.0
277928,"grand rapids, michigan, usa",45.0
277965,"chula vista, california, usa",
278026,"east orange, new jersey, usa",56.0
278137,"san antonio, texas, usa",27.0
278144,"storm lake, iowa, usa",48.0
278188,"lake george, new york, usa",34.0
278194,"aptos, california, usa",
278418,"omaha, nebraska, usa",
278535,"oshkosh, wisconsin, usa",
278582,"slidell, louisiana, usa",
278633,"sandy, utah, usa",
278843,"pismo beach, california, usa",28.0
